id,kmeans_cluster_k3
0,2
1,2
2,0
3,0
4,0
5,0
6,2
7,0
8,2
9,0
10,0
11,0
12,0
13,0
14,0
15,0
16,0
17,0
18,2
19,0
20,0
21,0
22,0
23,0
24,0
25,0
26,2
27,0
28,0
29,0
30,0
31,0
32,0
33,0
34,0
35,0
36,0
37,0
38,2
39,2
40,0
41,2
42,0
43,0
44,0
45,0
46,0
47,0
48,2
49,0
50,0
51,0
52,0
53,0
54,0
55,2
56,0
57,0
58,2
59,2
60,0
61,0
62,0
63,0
64,0
65,0
66,2
67,0
68,2
69,2
70,2
71,0
72,0
73,0
74,0
75,0
76,2
77,0
78,0
79,0
80,0
81,0
82,0
83,0
84,0
85,0
86,2
87,0
88,0
89,0
90,0
91,2
92,0
93,0
94,0
95,0
96,0
97,0
98,0
99,0
100,0
101,0
102,0
103,0
104,0
105,0
106,2
107,0
108,0
109,0
110,0
111,0
112,0
113,0
114,0
115,0
116,0
117,0
118,0
119,0
120,0
121,0
122,0
123,0
124,0
125,0
126,0
127,0
128,0
129,2
130,0
131,0
132,0
133,0
134,0
135,0
136,2
137,0
138,0
139,0
140,0
141,0
142,2
143,0
144,0
145,0
146,0
147,2
148,0
149,0
150,0
151,0
152,2
153,0
154,0
155,0
156,0
157,0
158,0
159,0
160,0
161,0
162,0
163,0
164,0
165,0
166,0
167,0
168,0
169,0
170,0
171,0
172,0
173,0
174,2
175,2
176,2
177,0
178,0
179,0
180,0
181,0
182,0
183,0
184,0
185,0
186,0
187,0
188,0
189,2
190,0
191,0
192,0
193,0
194,2
195,0
196,0
197,2
198,2
199,2
200,0
201,2
202,0
203,2
204,2
205,2
206,0
207,2
208,2
209,0
210,2
211,0
212,2
213,2
214,2
215,2
216,2
217,2
218,2
219,2
220,2
221,0
222,2
223,2
224,2
225,2
226,0
227,0
228,2
229,2
230,2
231,0
232,0
233,2
234,2
235,2
236,2
237,0
238,0
239,2
240,2
241,0
242,2
243,2
244,2
245,2
246,2
247,2
248,2
249,2
250,2
251,2
252,2
253,2
254,2
255,2
256,2
257,0
258,0
259,2
260,2
261,0
262,2
263,2
264,2
265,2
266,2
267,2
268,0
269,2
270,2
271,0
272,0
273,2
274,2
275,2
276,2
277,2
278,2
279,0
280,2
281,2
282,2
283,0
284,2
285,2
286,2
287,0
288,0
289,2
290,2
291,2
292,0
293,0
294,2
295,2
296,2
297,2
298,2
299,2
300,2
301,2
302,2
303,0
304,2
305,2
306,2
307,0
308,2
309,2
310,2
311,2
312,2
313,2
314,0
315,0
316,0
317,0
318,2
319,2
320,2
321,0
322,0
323,0
324,0
325,2
326,2
327,0
328,0
329,2
330,2
331,2
332,0
333,2
334,2
335,2
336,2
337,2
338,2
339,0
340,2
341,2
342,2
343,2
344,2
345,2
346,2
347,0
348,2
349,2
350,2
351,0
352,2
353,0
354,0
355,0
356,0
357,2
358,2
359,2
360,2
361,2
362,0
363,2
364,2
365,2
366,0
367,2
368,0
369,0
370,2
371,0
372,2
373,2
374,2
375,2
376,2
377,2
378,0
379,0
380,2
381,0
382,0
383,2
384,2
385,0
386,2
387,0
388,2
389,2
390,0
391,2
392,0
393,2
394,0
395,0
396,2
397,0
398,2
399,2
400,2
401,0
402,2
403,2
404,2
405,0
406,2
407,2
408,0
409,2
410,0
411,0
412,0
413,0
414,2
415,0
416,0
417,0
418,0
419,0
420,0
421,0
422,0
423,0
424,0
425,0
426,2
427,2
428,2
429,0
430,2
431,2
432,2
433,2
434,2
435,2
436,2
437,2
438,2
439,2
440,2
441,2
442,2
443,0
444,2
445,2
446,2
447,2
448,2
449,2
450,2
451,2
452,2
453,0
454,2
455,2
456,2
457,2
458,0
459,0
460,0
461,2
462,0
463,0
464,2
465,0
466,0
467,2
468,2
469,2
470,0
471,0
472,2
473,2
474,2
475,2
476,2
477,2
478,0
479,2
480,2
481,2
482,0
483,0
484,2
485,0
486,2
487,2
488,2
489,2
490,2
491,2
492,0
493,0
494,2
495,0
496,0
497,2
498,2
499,2
500,2
501,2
502,2
503,2
504,2
505,0
506,2
507,2
508,2
509,2
510,2
511,2
512,0
513,0
514,2
515,0
516,0
517,2
518,0
519,2
520,2
521,2
522,2
523,0
524,2
525,2
526,2
527,2
528,2
529,2
530,2
531,2
532,2
533,0
534,2
535,2
536,2
537,0
538,2
539,0
540,2
541,2
542,0
543,2
544,2
545,2
546,2
547,2
548,2
549,2
550,2
551,2
552,2
553,2
554,2
555,2
556,0
557,2
558,2
559,2
560,2
561,0
562,2
563,2
564,0
565,2
566,2
567,2
568,2
569,2
570,2
571,0
572,2
573,2
574,2
575,2
576,2
577,2
578,2
579,2
580,0
581,2
582,0
583,0
584,2
585,2
586,2
587,2
588,0
589,2
590,2
591,2
592,2
593,2
594,2
595,0
596,2
597,2
598,2
599,2
600,0
601,2
602,2
603,2
604,0
605,0
606,2
607,0
608,2
609,0
610,2
611,2
612,0
613,2
614,2
615,0
616,0
617,2
618,0
619,0
620,0
621,0
622,2
623,2
624,0
625,0
626,0
627,2
628,2
629,0
630,0
631,2
632,2
633,2
634,2
635,2
636,0
637,2
638,0
639,0
640,2
641,2
642,2
643,2
644,2
645,0
646,2
647,2
648,0
649,2
650,2
651,2
652,2
653,2
654,2
655,2
656,0
657,2
658,2
659,2
660,0
661,0
662,0
663,2
664,0
665,2
666,2
667,0
668,2
669,0
670,2
671,2
672,2
673,0
674,0
675,2
676,0
677,2
678,2
679,0
680,0
681,0
682,0
683,0
684,2
685,2
686,2
687,0
688,2
689,2
690,0
691,0
692,2
693,0
694,2
695,2
696,0
697,0
698,2
699,2
700,2
701,2
702,2
703,0
704,0
705,2
706,2
707,0
708,2
709,2
710,0
711,2
712,2
713,0
714,0
715,0
716,2
717,2
718,2
719,2
720,2
721,2
722,0
723,0
724,2
725,2
726,0
727,2
728,0
729,2
730,2
731,0
732,2
733,0
734,0
735,2
736,2
737,2
738,2
739,0
740,2
741,2
742,2
743,0
744,2
745,0
746,2
747,2
748,2
749,2
750,2
751,2
752,0
753,0
754,2
755,2
756,0
757,2
758,0
759,0
760,2
761,0
762,2
763,2
764,2
765,0
766,2
767,2
768,2
769,2
770,0
771,0
772,0
773,2
774,0
775,2
776,2
777,2
778,2
779,2
780,2
781,2
782,0
783,2
784,0
785,2
786,2
787,0
788,0
789,2
790,2
791,0
792,2
793,0
794,2
795,0
796,2
797,0
798,2
799,2
800,0
801,0
802,2
803,0
804,2
805,2
806,2
807,2
808,0
809,2
810,2
811,0
812,2
813,0
814,2
815,2
816,0
817,2
818,0
819,2
820,2
821,2
822,2
823,2
824,0
825,0
826,2
827,2
828,2
829,2
830,2
831,2
832,0
833,0
834,2
835,2
836,2
837,2
838,2
839,2
840,0
841,2
842,2
843,0
844,2
845,2
846,2
847,2
848,0
849,2
850,2
851,2
852,0
853,0
854,2
855,2
856,2
857,0
858,0
859,2
860,2
861,2
862,2
863,0
864,2
865,0
866,2
867,0
868,0
869,2
870,0
871,2
872,2
873,2
874,0
875,2
876,0
877,0
878,0
879,2
880,2
881,2
882,2
883,2
884,2
885,2
886,2
887,0
888,2
889,2
890,2
891,2
892,2
893,2
894,2
895,2
896,2
897,2
898,2
899,2
900,2
901,2
902,2
903,2
904,2
905,0
906,0
907,2
908,2
909,2
910,2
911,2
912,2
913,0
914,2
915,2
916,2
917,0
918,2
919,2
920,0
921,2
922,2
923,0
924,0
925,0
926,0
927,2
928,0
929,2
930,2
931,2
932,0
933,2
934,2
935,0
936,2
937,2
938,2
939,2
940,0
941,2
942,0
943,2
944,2
945,0
946,2
947,2
948,2
949,0
950,0
951,2
952,2
953,0
954,2
955,2
956,0
957,0
958,0
959,2
960,0
961,0
962,0
963,2
964,2
965,2
966,2
967,2
968,2
969,2
970,0
971,2
972,2
973,2
974,0
975,2
976,2
977,2
978,2
979,0
980,2
981,0
982,0
983,2
984,2
985,2
986,2
987,0
988,0
989,2
990,2
991,2
992,2
993,0
994,2
995,2
996,0
997,2
998,2
999,0
1000,2
1001,2
1002,2
1003,2
1004,0
1005,0
1006,2
1007,0
1008,2
1009,2
1010,0
1011,2
1012,2
1013,2
1014,2
1015,0
1016,0
1017,2
1018,2
1019,2
1020,2
1021,2
1022,0
1023,2
1024,0
1025,0
1026,2
1027,2
1028,2
1029,0
1030,2
1031,0
1032,2
1033,0
1034,0
1035,2
1036,2
1037,2
1038,0
1039,2
1040,2
1041,0
1042,0
1043,0
1044,2
1045,0
1046,2
1047,2
1048,2
1049,2
1050,0
1051,2
1052,2
1053,0
1054,2
1055,2
1056,2
1057,2
1058,0
1059,2
1060,0
1061,0
1062,2
1063,2
1064,0
1065,2
1066,2
1067,2
1068,2
1069,2
1070,2
1071,2
1072,0
1073,2
1074,0
1075,0
1076,2
1077,2
1078,2
1079,2
1080,2
1081,0
1082,2
1083,2
1084,2
1085,2
1086,2
1087,2
1088,2
1089,0
1090,0
1091,0
1092,0
1093,0
1094,0
1095,0
1096,0
1097,0
1098,0
1099,0
1100,0
1101,2
1102,2
1103,0
1104,0
1105,0
1106,0
1107,0
1108,0
1109,0
1110,0
1111,2
1112,2
1113,0
1114,0
1115,0
1116,2
1117,0
1118,0
1119,0
1120,0
1121,0
1122,2
1123,0
1124,0
1125,0
1126,0
1127,0
1128,0
1129,0
1130,0
1131,0
1132,0
1133,0
1134,0
1135,0
1136,2
1137,0
1138,0
1139,0
1140,0
1141,0
1142,0
1143,0
1144,0
1145,0
1146,0
1147,0
1148,0
1149,0
1150,0
1151,0
1152,0
1153,0
1154,0
1155,0
1156,2
1157,0
1158,2
1159,0
1160,0
1161,0
1162,2
1163,0
1164,0
1165,0
1166,0
1167,0
1168,0
1169,0
1170,0
1171,0
1172,0
1173,0
1174,0
1175,0
1176,0
1177,0
1178,0
1179,0
1180,0
1181,0
1182,0
1183,0
1184,0
1185,0
1186,0
1187,0
1188,0
1189,1
1190,0
1191,0
1192,0
1193,0
1194,2
1195,0
1196,0
1197,0
1198,0
1199,0
1200,0
1201,0
1202,0
1203,0
1204,0
1205,0
1206,0
1207,0
1208,0
1209,0
1210,0
1211,0
1212,0
1213,0
1214,0
1215,0
1216,0
1217,0
1218,0
1219,0
1220,2
1221,0
1222,0
1223,0
1224,2
1225,0
1226,0
1227,0
1228,0
1229,2
1230,2
1231,2
1232,0
1233,0
1234,0
1235,0
1236,2
1237,2
1238,0
1239,0
1240,0
1241,0
1242,2
1243,2
1244,2
1245,1
1246,2
1247,2
1248,0
1249,0
1250,0
1251,0
1252,0
1253,0
1254,2
1255,2
1256,0
1257,0
1258,0
1259,2
1260,0
1261,2
1262,2
1263,2
1264,0
1265,2
1266,2
1267,2
1268,2
1269,0
1270,2
1271,0
1272,2
1273,0
1274,2
1275,0
1276,0
1277,0
1278,2
1279,0
1280,0
1281,0
1282,2
1283,2
1284,0
1285,2
1286,0
1287,2
1288,2
1289,2
1290,0
1291,0
1292,0
1293,2
1294,2
1295,0
1296,0
1297,0
1298,2
1299,2
1300,0
1301,0
1302,2
1303,0
1304,2
1305,0
1306,2
1307,2
1308,2
1309,2
1310,0
1311,2
1312,0
1313,0
1314,2
1315,2
1316,2
1317,2
1318,0
1319,0
1320,0
1321,2
1322,0
1323,0
1324,2
1325,2
1326,0
1327,2
1328,2
1329,0
1330,0
1331,2
1332,0
1333,2
1334,2
1335,2
1336,0
1337,0
1338,0
1339,0
1340,0
1341,2
1342,0
1343,0
1344,2
1345,2
1346,0
1347,2
1348,2
1349,0
1350,2
1351,2
1352,2
1353,2
1354,2
1355,0
1356,0
1357,2
1358,2
1359,0
1360,2
1361,0
1362,2
1363,2
1364,0
1365,0
1366,2
1367,2
1368,2
1369,0
1370,0
1371,0
1372,0
1373,2
1374,0
1375,0
1376,2
1377,2
1378,2
1379,2
1380,0
1381,2
1382,0
1383,0
1384,2
1385,0
1386,2
1387,0
1388,2
1389,0
1390,0
1391,2
1392,0
1393,0
1394,0
1395,2
1396,0
1397,2
1398,2
1399,2
1400,0
1401,2
1402,0
1403,2
1404,0
1405,0
1406,2
1407,0
1408,0
1409,2
1410,2
1411,2
1412,0
1413,0
1414,2
1415,2
1416,2
1417,2
1418,2
1419,0
1420,0
1421,0
1422,0
1423,2
1424,2
1425,2
1426,0
1427,2
1428,0
1429,0
1430,0
1431,2
1432,0
1433,2
1434,2
1435,0
1436,2
1437,2
1438,2
1439,2
1440,0
1441,0
1442,0
1443,2
1444,0
1445,0
1446,2
1447,0
1448,0
1449,0
1450,2
1451,0
1452,0
1453,0
1454,0
1455,0
1456,2
1457,2
1458,0
1459,2
1460,0
1461,0
1462,2
1463,2
1464,0
1465,2
1466,2
1467,0
1468,0
1469,2
1470,0
1471,0
1472,0
1473,0
1474,0
1475,0
1476,0
1477,0
1478,0
1479,2
1480,2
1481,0
1482,2
1483,2
1484,0
1485,2
1486,0
1487,2
1488,0
1489,0
1490,2
1491,0
1492,2
1493,2
1494,0
1495,0
1496,2
1497,0
1498,0
1499,2
1500,0
1501,2
1502,2
1503,2
1504,2
1505,2
1506,0
1507,2
1508,0
1509,2
1510,2
1511,2
1512,2
1513,0
1514,0
1515,0
1516,2
1517,2
1518,0
1519,2
1520,0
1521,0
1522,2
1523,2
1524,0
1525,2
1526,0
1527,0
1528,2
1529,2
1530,2
1531,0
1532,0
1533,0
1534,0
1535,0
1536,0
1537,0
1538,0
1539,2
1540,0
1541,0
1542,2
1543,0
1544,0
1545,0
1546,2
1547,0
1548,0
1549,0
1550,0
1551,0
1552,2
1553,2
1554,0
1555,0
1556,0
1557,2
1558,2
1559,0
1560,0
1561,2
1562,0
1563,0
1564,2
1565,2
1566,2
1567,2
1568,0
1569,0
1570,2
1571,2
1572,0
1573,0
1574,0
1575,2
1576,0
1577,2
1578,2
1579,0
1580,2
1581,2
1582,0
1583,0
1584,0
1585,0
1586,0
1587,0
1588,0
1589,0
1590,0
1591,2
1592,2
1593,0
1594,2
1595,2
1596,2
1597,2
1598,0
1599,0
1600,0
1601,2
1602,2
1603,2
1604,2
1605,2
1606,2
1607,0
1608,2
1609,2
1610,0
1611,2
1612,0
1613,0
1614,0
1615,0
1616,0
1617,2
1618,2
1619,2
1620,2
1621,0
1622,0
1623,0
1624,0
1625,0
1626,0
1627,0
1628,2
1629,0
1630,0
1631,0
1632,0
1633,2
1634,0
1635,0
1636,0
1637,0
1638,0
1639,0
1640,0
1641,0
1642,0
1643,2
1644,0
1645,0
1646,0
1647,0
1648,2
1649,0
1650,0
1651,0
1652,0
1653,0
1654,0
1655,2
1656,0
1657,0
1658,0
1659,0
1660,0
1661,0
1662,0
1663,0
1664,0
1665,0
1666,0
1667,2
1668,2
1669,2
1670,2
1671,2
1672,2
1673,2
1674,2
1675,2
1676,2
1677,2
1678,2
1679,2
1680,2
1681,2
1682,0
1683,2
1684,2
1685,2
1686,2
1687,0
1688,0
1689,2
1690,0
1691,0
1692,0
1693,0
1694,0
1695,2
1696,2
1697,2
1698,0
1699,0
1700,0
1701,0
1702,0
1703,0
1704,0
1705,2
1706,0
1707,0
1708,0
1709,0
1710,0
1711,0
1712,0
1713,2
1714,0
1715,0
1716,0
1717,0
1718,2
1719,2
1720,0
1721,2
1722,0
1723,0
1724,0
1725,0
1726,0
1727,2
1728,0
1729,0
1730,2
1731,1
1732,2
1733,2
1734,2
1735,2
1736,0
1737,0
1738,0
1739,0
1740,0
1741,0
1742,0
1743,0
1744,2
1745,0
1746,0
1747,2
1748,0
1749,0
1750,0
1751,0
1752,2
1753,0
1754,0
1755,0
1756,0
1757,0
1758,1
1759,0
1760,0
1761,0
1762,2
1763,0
1764,0
1765,2
1766,0
1767,0
1768,0
1769,0
1770,2
1771,0
1772,0
1773,0
1774,2
1775,2
1776,0
1777,0
1778,2
1779,0
1780,0
1781,0
1782,2
1783,0
1784,0
1785,0
1786,2
1787,2
1788,0
1789,0
1790,2
1791,0
1792,0
1793,0
1794,0
1795,0
1796,2
1797,0
1798,0
1799,0
1800,2
1801,0
1802,0
1803,0
1804,0
1805,0
1806,2
1807,0
1808,2
1809,0
1810,2
1811,2
1812,0
1813,2
1814,0
1815,2
1816,2
1817,2
1818,0
1819,2
1820,0
1821,0
1822,2
1823,2
1824,0
1825,0
1826,0
1827,2
1828,0
1829,0
1830,2
1831,0
1832,2
1833,0
1834,2
1835,0
1836,2
1837,2
1838,0
1839,0
1840,0
1841,2
1842,0
1843,0
1844,0
1845,2
1846,2
1847,0
1848,2
1849,2
1850,2
1851,0
1852,0
1853,0
1854,0
1855,0
1856,0
1857,0
1858,2
1859,0
1860,0
1861,0
1862,0
1863,2
1864,0
1865,0
1866,0
1867,0
1868,0
1869,0
1870,0
1871,2
1872,0
1873,0
1874,0
1875,0
1876,2
1877,0
1878,2
1879,2
1880,0
1881,0
1882,0
1883,2
1884,2
1885,2
1886,2
1887,0
1888,2
1889,2
1890,0
1891,0
1892,2
1893,2
1894,2
1895,2
1896,2
1897,2
1898,0
1899,0
1900,0
1901,0
1902,0
1903,2
1904,0
1905,2
1906,0
1907,0
1908,2
1909,0
1910,0
1911,0
1912,2
1913,0
1914,2
1915,0
1916,0
1917,0
1918,0
1919,0
1920,0
1921,2
1922,0
1923,2
1924,0
1925,2
1926,2
1927,2
1928,0
1929,0
1930,0
1931,0
1932,0
1933,2
1934,2
1935,0
1936,0
1937,0
1938,0
1939,0
1940,0
1941,0
1942,0
1943,0
1944,0
1945,2
1946,0
1947,2
1948,0
1949,2
1950,2
1951,0
1952,0
1953,0
1954,0
1955,2
1956,0
1957,2
1958,0
1959,0
1960,0
1961,0
1962,2
1963,2
1964,2
1965,0
1966,0
1967,0
1968,0
1969,0
1970,0
1971,2
1972,2
1973,0
1974,0
1975,0
1976,2
1977,0
1978,2
1979,0
1980,0
1981,0
1982,2
1983,0
1984,2
1985,0
1986,0
1987,0
1988,2
1989,0
1990,0
1991,0
1992,2
1993,0
1994,2
1995,0
1996,0
1997,2
1998,0
1999,0
2000,0
2001,0
2002,0
2003,0
2004,0
2005,0
2006,0
2007,2
2008,0
2009,0
2010,2
2011,0
2012,0
2013,0
2014,0
2015,2
2016,0
2017,2
2018,2
2019,0
2020,1
2021,0
2022,0
2023,0
2024,0
2025,0
2026,2
2027,2
2028,0
2029,2
2030,0
2031,2
2032,0
2033,0
2034,2
2035,2
2036,2
2037,0
2038,2
2039,0
2040,0
2041,0
2042,0
2043,2
2044,2
2045,0
2046,0
2047,2
2048,0
2049,0
2050,2
2051,2
2052,0
2053,0
2054,0
2055,2
2056,2
2057,2
2058,0
2059,0
2060,0
2061,2
2062,0
2063,0
2064,2
2065,0
2066,0
2067,0
2068,0
2069,2
2070,2
2071,0
2072,0
2073,2
2074,0
2075,0
2076,0
2077,0
2078,2
2079,2
2080,0
2081,2
2082,0
2083,1
2084,2
2085,2
2086,0
2087,2
2088,0
2089,0
2090,0
2091,0
2092,2
2093,0
2094,0
2095,0
2096,0
2097,2
2098,0
2099,0
2100,0
2101,2
2102,0
2103,2
2104,2
2105,0
2106,2
2107,0
2108,2
2109,2
2110,0
2111,2
2112,2
2113,0
2114,0
2115,0
2116,0
2117,0
2118,0
2119,2
2120,0
2121,0
2122,0
2123,0
2124,0
2125,2
2126,0
2127,0
2128,2
2129,2
2130,0
2131,0
2132,0
2133,0
2134,2
2135,0
2136,0
2137,0
2138,2
2139,0
2140,0
2141,2
2142,0
2143,0
2144,0
2145,0
2146,0
2147,0
2148,0
2149,0
2150,2
2151,2
2152,2
2153,0
2154,0
2155,0
2156,0
2157,2
2158,0
2159,0
2160,0
2161,0
2162,0
2163,2
2164,0
2165,0
2166,2
2167,0
2168,1
2169,0
2170,2
2171,0
2172,2
2173,2
2174,0
2175,0
2176,0
2177,0
2178,0
2179,0
2180,2
2181,0
2182,2
2183,2
2184,0
2185,0
2186,2
2187,0
2188,2
2189,2
2190,2
2191,0
2192,0
2193,0
2194,0
2195,0
2196,0
2197,2
2198,0
2199,0
2200,0
2201,2
2202,0
2203,0
2204,2
2205,2
2206,0
2207,2
2208,0
2209,0
2210,0
2211,0
2212,0
2213,0
2214,0
2215,0
2216,0
2217,1
2218,0
2219,2
2220,2
2221,0
2222,2
2223,0
2224,0
2225,0
2226,0
2227,0
2228,0
2229,0
2230,0
2231,0
2232,2
2233,2
2234,2
2235,0
2236,0
2237,2
2238,0
2239,0
2240,2
2241,0
2242,0
2243,2
2244,2
2245,2
2246,0
2247,0
2248,0
2249,2
2250,0
2251,2
2252,0
2253,0
2254,2
2255,0
2256,0
2257,0
2258,0
2259,2
2260,0
2261,2
2262,2
2263,2
2264,2
2265,2
2266,0
2267,0
2268,0
2269,0
2270,0
2271,2
2272,2
2273,2
2274,0
2275,0
2276,0
2277,0
2278,0
2279,0
2280,2
2281,2
2282,0
2283,0
2284,0
2285,0
2286,2
2287,2
2288,0
2289,2
2290,2
2291,0
2292,0
2293,0
2294,2
2295,0
2296,0
2297,0
2298,2
2299,2
2300,0
2301,0
2302,0
2303,0
2304,0
2305,0
2306,0
2307,0
2308,0
2309,0
2310,0
2311,2
2312,0
2313,2
2314,0
2315,0
2316,2
2317,2
2318,0
2319,0
2320,2
2321,0
2322,0
2323,0
2324,2
2325,0
2326,0
2327,0
2328,0
2329,1
2330,0
2331,0
2332,0
2333,0
2334,0
2335,0
2336,0
2337,2
2338,0
2339,2
2340,0
2341,2
2342,0
2343,2
2344,2
2345,2
2346,2
2347,0
2348,0
2349,0
2350,2
2351,0
2352,2
2353,0
2354,2
2355,0
2356,2
2357,0
2358,0
2359,2
2360,2
2361,0
2362,0
2363,0
2364,2
2365,0
2366,0
2367,2
2368,2
2369,0
2370,0
2371,0
2372,0
2373,0
2374,0
2375,2
2376,0
2377,0
2378,2
2379,0
2380,2
2381,0
2382,2
2383,0
2384,0
2385,2
2386,0
2387,0
2388,2
2389,0
2390,0
2391,0
2392,2
2393,2
2394,0
2395,2
2396,2
2397,0
2398,2
2399,2
2400,0
2401,0
2402,0
2403,0
2404,0
2405,2
2406,0
2407,0
2408,0
2409,2
2410,0
2411,2
2412,2
2413,0
2414,0
2415,0
2416,0
2417,0
2418,0
2419,0
2420,0
2421,0
2422,0
2423,0
2424,0
2425,0
2426,0
2427,0
2428,0
2429,0
2430,0
2431,0
2432,0
2433,0
2434,0
2435,0
2436,0
2437,0
2438,0
2439,0
2440,0
2441,0
2442,0
2443,0
2444,0
2445,0
2446,0
2447,0
2448,0
2449,0
2450,0
2451,0
2452,0
2453,0
2454,0
2455,0
2456,0
2457,0
2458,0
2459,0
2460,0
2461,0
2462,2
2463,0
2464,0
2465,2
2466,0
2467,0
2468,0
2469,2
2470,0
2471,0
2472,0
2473,0
2474,0
2475,0
2476,0
2477,2
2478,0
2479,0
2480,0
2481,0
2482,0
2483,0
2484,0
2485,0
2486,0
2487,0
2488,0
2489,0
2490,0
2491,0
2492,0
2493,0
2494,0
2495,0
2496,0
2497,0
2498,0
2499,0
2500,0
2501,0
2502,0
2503,0
2504,0
2505,0
2506,0
2507,0
2508,0
2509,0
2510,0
2511,0
2512,0
2513,0
2514,0
2515,0
2516,0
2517,0
2518,0
2519,0
2520,0
2521,0
2522,0
2523,0
2524,0
2525,2
2526,0
2527,0
2528,0
2529,0
2530,0
2531,0
2532,0
2533,0
2534,0
2535,0
2536,0
2537,0
2538,0
2539,0
2540,0
2541,0
2542,0
2543,0
2544,0
2545,0
2546,0
2547,0
2548,2
2549,0
2550,0
2551,0
2552,0
2553,0
2554,0
2555,0
2556,0
2557,0
2558,0
2559,0
2560,2
2561,0
2562,2
2563,0
2564,0
2565,0
2566,0
2567,0
2568,0
2569,0
2570,0
2571,0
2572,0
2573,0
2574,0
2575,2
2576,0
2577,0
2578,0
2579,2
2580,0
2581,0
2582,2
2583,0
2584,0
2585,0
2586,0
2587,0
2588,0
2589,0
2590,0
2591,0
2592,0
2593,0
2594,0
2595,0
2596,0
2597,0
2598,0
2599,0
2600,0
2601,0
2602,0
2603,0
2604,0
2605,0
2606,0
2607,0
2608,0
2609,0
2610,0
2611,0
2612,0
2613,0
2614,0
2615,0
2616,0
2617,0
2618,0
2619,0
2620,0
2621,0
2622,0
2623,0
2624,0
2625,0
2626,0
2627,0
2628,0
2629,0
2630,0
2631,0
2632,0
2633,0
2634,0
2635,0
2636,0
2637,0
2638,0
2639,0
2640,0
2641,0
2642,0
2643,0
2644,0
2645,0
2646,0
2647,0
2648,0
2649,0
2650,0
2651,0
2652,0
2653,0
2654,0
2655,0
2656,0
2657,0
2658,0
2659,0
2660,0
2661,0
2662,0
2663,0
2664,0
2665,0
2666,0
2667,0
2668,0
2669,0
2670,0
2671,0
2672,0
2673,0
2674,0
2675,0
2676,0
2677,0
2678,0
2679,0
2680,0
2681,0
2682,0
2683,0
2684,0
2685,0
2686,0
2687,0
2688,0
2689,0
2690,0
2691,0
2692,0
2693,0
2694,0
2695,0
2696,0
2697,0
2698,0
2699,0
2700,0
2701,0
2702,2
2703,2
2704,0
2705,0
2706,0
2707,0
2708,0
2709,0
2710,0
2711,0
2712,0
2713,0
2714,0
2715,0
2716,0
2717,0
2718,0
2719,0
2720,0
2721,0
2722,0
2723,0
2724,0
2725,0
2726,0
2727,0
2728,0
2729,0
2730,0
2731,0
2732,0
2733,0
2734,0
2735,0
2736,0
2737,0
2738,2
2739,0
2740,0
2741,0
2742,0
2743,0
2744,0
2745,0
2746,0
2747,0
2748,0
2749,0
2750,0
2751,0
2752,0
2753,0
2754,0
2755,0
2756,0
2757,0
2758,0
2759,0
2760,0
2761,0
2762,0
2763,0
2764,2
2765,0
2766,0
2767,0
2768,0
2769,0
2770,0
2771,0
2772,0
2773,0
2774,0
2775,0
2776,0
2777,0
2778,0
2779,0
2780,0
2781,2
2782,0
2783,0
2784,0
2785,0
2786,0
2787,0
2788,2
2789,0
2790,0
2791,0
2792,0
2793,0
2794,0
2795,0
2796,0
2797,0
2798,0
2799,0
2800,0
2801,0
2802,0
2803,0
2804,0
2805,0
2806,0
2807,0
2808,0
2809,0
2810,0
2811,0
2812,0
2813,0
2814,0
2815,0
2816,0
2817,0
2818,0
2819,0
2820,0
2821,2
2822,0
2823,0
2824,2
2825,0
2826,0
2827,0
2828,0
2829,0
2830,0
2831,0
2832,0
2833,0
2834,2
2835,2
2836,0
2837,2
2838,2
2839,0
2840,2
2841,2
2842,0
2843,2
2844,0
2845,2
2846,2
2847,0
2848,2
2849,2
2850,2
2851,0
2852,2
2853,0
2854,2
2855,2
2856,0
2857,0
2858,0
2859,2
2860,0
2861,0
2862,0
2863,2
2864,0
2865,0
2866,2
2867,0
2868,0
2869,0
2870,2
2871,2
2872,2
2873,0
2874,0
2875,0
2876,2
2877,2
2878,2
2879,2
2880,2
2881,0
2882,0
2883,2
2884,2
2885,2
2886,2
2887,2
2888,2
2889,0
2890,0
2891,0
2892,2
2893,2
2894,2
2895,0
2896,1
2897,2
2898,2
2899,2
2900,2
2901,0
2902,0
2903,0
2904,2
2905,2
2906,0
2907,2
2908,0
2909,0
2910,0
2911,2
2912,2
2913,2
2914,2
2915,2
2916,2
2917,2
2918,0
2919,0
2920,0
2921,2
2922,2
2923,2
2924,2
2925,0
2926,0
2927,0
2928,2
2929,0
2930,2
2931,2
2932,2
2933,2
2934,0
2935,2
2936,0
2937,2
2938,2
2939,2
2940,0
2941,2
2942,2
2943,2
2944,2
2945,0
2946,0
2947,0
2948,0
2949,2
2950,0
2951,0
2952,2
2953,2
2954,2
2955,0
2956,2
2957,2
2958,0
2959,2
2960,2
2961,0
2962,0
2963,2
2964,2
2965,0
2966,2
2967,2
2968,0
2969,0
2970,0
2971,2
2972,2
2973,0
2974,0
2975,2
2976,0
2977,2
2978,2
2979,2
2980,0
2981,2
2982,0
2983,2
2984,2
2985,0
2986,0
2987,2
2988,2
2989,0
2990,2
2991,0
2992,2
2993,2
2994,2
2995,2
2996,2
2997,0
2998,2
2999,0
3000,2
3001,2
3002,2
3003,2
3004,2
3005,0
3006,0
3007,0
3008,0
3009,2
3010,2
3011,2
3012,0
3013,0
3014,2
3015,0
3016,2
3017,2
3018,0
3019,2
3020,2
3021,2
3022,2
3023,2
3024,0
3025,2
3026,2
3027,0
3028,0
3029,0
3030,0
3031,2
3032,2
3033,2
3034,2
3035,2
3036,0
3037,2
3038,2
3039,2
3040,0
3041,2
3042,2
3043,0
3044,2
3045,2
3046,0
3047,2
3048,2
3049,0
3050,2
3051,0
3052,2
3053,0
3054,2
3055,0
3056,0
3057,0
3058,2
3059,2
3060,2
3061,2
3062,2
3063,2
3064,0
3065,0
3066,2
3067,2
3068,0
3069,2
3070,0
3071,0
3072,2
3073,2
3074,2
3075,2
3076,0
3077,2
3078,0
3079,2
3080,2
3081,2
3082,0
3083,0
3084,0
3085,2
3086,2
3087,2
3088,2
3089,0
3090,0
3091,0
3092,2
3093,2
3094,2
3095,0
3096,0
3097,2
3098,2
3099,0
3100,2
3101,0
3102,0
3103,2
3104,2
3105,2
3106,2
3107,0
3108,2
3109,0
3110,2
3111,0
3112,2
3113,0
3114,0
3115,2
3116,0
3117,0
3118,0
3119,2
3120,0
3121,0
3122,0
3123,2
3124,2
3125,2
3126,2
3127,0
3128,2
3129,2
3130,2
3131,2
3132,0
3133,2
3134,2
3135,2
3136,2
3137,2
3138,2
3139,0
3140,2
3141,2
3142,0
3143,0
3144,2
3145,0
3146,2
3147,0
3148,2
3149,2
3150,2
3151,2
3152,0
3153,2
3154,2
3155,2
3156,2
3157,2
3158,0
3159,0
3160,2
3161,0
3162,2
3163,2
3164,2
3165,0
3166,2
3167,0
3168,0
3169,2
3170,2
3171,0
3172,2
3173,0
3174,0
3175,2
3176,2
3177,2
3178,2
3179,1
3180,1
3181,0
3182,2
3183,2
3184,2
3185,2
3186,2
3187,2
3188,0
3189,2
3190,0
3191,0
3192,2
3193,2
3194,0
3195,2
3196,2
3197,2
3198,2
3199,2
3200,2
3201,2
3202,2
3203,2
3204,0
3205,0
3206,2
3207,0
3208,2
3209,2
3210,2
3211,2
3212,2
3213,2
3214,2
3215,0
3216,2
3217,2
3218,2
3219,0
3220,2
3221,0
3222,2
3223,2
3224,0
3225,2
3226,0
3227,2
3228,0
3229,0
3230,2
3231,0
3232,2
3233,2
3234,0
3235,0
3236,0
3237,2
3238,0
3239,0
3240,2
3241,1
3242,2
3243,0
3244,2
3245,0
3246,2
3247,0
3248,2
3249,2
3250,0
3251,0
3252,0
3253,2
3254,0
3255,2
3256,2
3257,2
3258,2
3259,2
3260,2
3261,0
3262,2
3263,0
3264,2
3265,0
3266,2
3267,2
3268,0
3269,2
3270,0
3271,0
3272,0
3273,2
3274,0
3275,0
3276,2
3277,0
3278,2
3279,2
3280,2
3281,2
3282,0
3283,2
3284,0
3285,2
3286,2
3287,2
3288,2
3289,2
3290,0
3291,2
3292,2
3293,2
3294,0
3295,2
3296,0
3297,2
3298,0
3299,2
3300,0
3301,2
3302,2
3303,0
3304,2
3305,2
3306,0
3307,0
3308,2
3309,2
3310,2
3311,2
3312,2
3313,0
3314,0
3315,2
3316,2
3317,2
3318,0
3319,0
3320,2
3321,2
3322,2
3323,2
3324,0
3325,2
3326,0
3327,0
3328,2
3329,0
3330,0
3331,0
3332,0
3333,0
3334,2
3335,0
3336,2
3337,2
3338,2
3339,2
3340,2
3341,2
3342,2
3343,2
3344,2
3345,0
3346,2
3347,2
3348,2
3349,2
3350,1
3351,2
3352,2
3353,0
3354,2
3355,2
3356,2
3357,2
3358,0
3359,0
3360,2
3361,2
3362,0
3363,2
3364,2
3365,2
3366,0
3367,0
3368,0
3369,0
3370,2
3371,0
3372,0
3373,2
3374,2
3375,2
3376,2
3377,0
3378,2
3379,0
3380,2
3381,2
3382,0
3383,0
3384,2
3385,2
3386,2
3387,2
3388,2
3389,2
3390,0
3391,0
3392,0
3393,2
3394,0
3395,2
3396,2
3397,2
3398,2
3399,2
3400,2
3401,0
3402,0
3403,2
3404,2
3405,2
3406,2
3407,0
3408,2
3409,0
3410,2
3411,2
3412,2
3413,0
3414,2
3415,2
3416,2
3417,2
3418,0
3419,0
3420,0
3421,2
3422,0
3423,0
3424,0
3425,2
3426,0
3427,2
3428,0
3429,2
3430,0
3431,0
3432,2
3433,0
3434,0
3435,2
3436,0
3437,2
3438,2
3439,2
3440,0
3441,2
3442,0
3443,2
3444,0
3445,0
3446,0
3447,2
3448,0
3449,0
3450,2
3451,2
3452,0
3453,0
3454,0
3455,2
3456,2
3457,2
3458,2
3459,2
3460,2
3461,0
3462,2
3463,2
3464,2
3465,2
3466,2
3467,0
3468,0
3469,0
3470,2
3471,2
3472,2
3473,0
3474,2
3475,2
3476,2
3477,2
3478,2
3479,0
3480,0
3481,0
3482,2
3483,2
3484,2
3485,2
3486,2
3487,0
3488,2
3489,2
3490,2
3491,2
3492,2
3493,2
3494,2
3495,2
3496,0
3497,2
3498,0
3499,0
3500,2
3501,0
3502,2
3503,0
3504,2
3505,2
3506,0
3507,2
3508,2
3509,2
3510,0
3511,0
3512,2
3513,0
3514,0
3515,0
3516,0
3517,0
3518,0
3519,0
3520,0
3521,0
3522,0
3523,0
3524,2
3525,0
3526,2
3527,0
3528,0
3529,0
3530,2
3531,0
3532,0
3533,2
3534,0
3535,0
3536,0
3537,0
3538,0
3539,0
3540,0
3541,0
3542,0
3543,0
3544,0
3545,0
3546,2
3547,0
3548,0
3549,0
3550,0
3551,0
3552,0
3553,0
3554,2
3555,0
3556,2
3557,0
3558,0
3559,0
3560,0
3561,0
3562,0
3563,0
3564,2
3565,0
3566,0
3567,2
3568,0
3569,2
3570,0
3571,0
3572,0
3573,0
3574,0
3575,0
3576,0
3577,2
3578,0
3579,0
3580,0
3581,0
3582,0
3583,0
3584,0
3585,2
3586,0
3587,0
3588,0
3589,0
3590,0
3591,0
3592,0
3593,0
3594,2
3595,0
3596,0
3597,0
3598,2
3599,2
3600,0
3601,0
3602,0
3603,2
3604,0
3605,0
3606,0
3607,0
3608,0
3609,0
3610,2
3611,0
3612,0
3613,2
3614,2
3615,2
3616,0
3617,0
3618,0
3619,2
3620,2
3621,2
3622,2
3623,2
3624,2
3625,2
3626,2
3627,2
3628,2
3629,2
3630,2
3631,2
3632,2
3633,2
3634,2
3635,2
3636,2
3637,2
3638,2
3639,2
3640,2
3641,2
3642,2
3643,2
3644,2
3645,2
3646,2
3647,2
3648,2
3649,2
3650,2
3651,2
3652,2
3653,2
3654,0
3655,2
3656,2
3657,2
3658,2
3659,2
3660,2
3661,2
3662,2
3663,2
3664,2
3665,2
3666,2
3667,2
3668,2
3669,2
3670,2
3671,0
3672,2
3673,2
3674,2
3675,2
3676,2
3677,2
3678,0
3679,2
3680,2
3681,2
3682,2
3683,2
3684,0
3685,2
3686,2
3687,2
3688,2
3689,0
3690,2
3691,2
3692,0
3693,2
3694,2
3695,0
3696,2
3697,0
3698,2
3699,2
3700,2
3701,2
3702,0
3703,0
3704,2
3705,2
3706,2
3707,2
3708,0
3709,2
3710,2
3711,2
3712,0
3713,2
3714,2
3715,2
3716,2
3717,2
3718,2
3719,2
3720,0
3721,0
3722,0
3723,0
3724,0
3725,2
3726,2
3727,0
3728,2
3729,0
3730,2
3731,2
3732,2
3733,0
3734,2
3735,2
3736,2
3737,2
3738,2
3739,2
3740,2
3741,0
3742,2
3743,2
3744,0
3745,2
3746,2
3747,2
3748,2
3749,2
3750,0
3751,2
3752,0
3753,2
3754,2
3755,2
3756,2
3757,2
3758,2
3759,2
3760,0
3761,2
3762,2
3763,2
3764,2
3765,0
3766,2
3767,2
3768,2
3769,2
3770,0
3771,2
3772,2
3773,2
3774,0
3775,2
3776,2
3777,2
3778,0
3779,2
3780,2
3781,0
3782,2
3783,2
3784,0
3785,2
3786,0
3787,0
3788,2
3789,2
3790,2
3791,2
3792,2
3793,2
3794,0
3795,0
3796,0
3797,2
3798,2
3799,2
3800,0
3801,2
3802,2
3803,2
3804,2
3805,2
3806,0
3807,0
3808,0
3809,2
3810,0
3811,2
3812,2
3813,2
3814,2
3815,2
3816,0
3817,0
3818,2
3819,2
3820,2
3821,2
3822,2
3823,0
3824,2
3825,2
3826,0
3827,0
3828,2
3829,2
3830,2
3831,2
3832,0
3833,2
3834,2
3835,2
3836,2
3837,2
3838,2
3839,0
3840,2
3841,2
3842,2
3843,2
3844,2
3845,0
3846,2
3847,2
3848,0
3849,2
3850,2
3851,2
3852,2
3853,2
3854,0
3855,2
3856,0
3857,2
3858,2
3859,0
3860,2
3861,2
3862,2
3863,2
3864,2
3865,2
3866,2
3867,2
3868,0
3869,1
3870,0
3871,0
3872,2
3873,2
3874,0
3875,0
3876,2
3877,2
3878,0
3879,2
3880,2
3881,2
3882,2
3883,2
3884,2
3885,0
3886,0
3887,2
3888,0
3889,2
3890,0
3891,2
3892,2
3893,2
3894,0
3895,0
3896,2
3897,2
3898,2
3899,2
3900,0
3901,0
3902,0
3903,0
3904,2
3905,0
3906,2
3907,0
3908,2
3909,2
3910,2
3911,2
3912,2
3913,2
3914,2
3915,2
3916,2
3917,2
3918,0
3919,2
3920,2
3921,0
3922,2
3923,0
3924,2
3925,2
3926,2
3927,2
3928,2
3929,2
3930,2
3931,2
3932,2
3933,0
3934,2
3935,2
3936,2
3937,2
3938,0
3939,0
3940,0
3941,1
3942,2
3943,2
3944,0
3945,0
3946,2
3947,0
3948,2
3949,2
3950,0
3951,2
3952,2
3953,0
3954,2
3955,2
3956,2
3957,2
3958,2
3959,2
3960,2
3961,2
3962,2
3963,2
3964,0
3965,2
3966,2
3967,2
3968,2
3969,0
3970,2
3971,2
3972,2
3973,0
3974,0
3975,2
3976,2
3977,2
3978,2
3979,2
3980,2
3981,2
3982,0
3983,0
3984,2
3985,2
3986,2
3987,0
3988,2
3989,0
3990,2
3991,2
3992,2
3993,2
3994,2
3995,0
3996,2
3997,2
3998,2
3999,2
4000,0
4001,0
4002,2
4003,0
4004,0
4005,2
4006,2
4007,2
4008,2
4009,0
4010,2
4011,2
4012,0
4013,2
4014,2
4015,2
4016,0
4017,0
4018,2
4019,2
4020,0
4021,2
4022,2
4023,2
4024,2
4025,2
4026,2
4027,2
4028,2
4029,0
4030,2
4031,2
4032,0
4033,0
4034,0
4035,0
4036,2
4037,0
4038,2
4039,2
4040,2
4041,0
4042,2
4043,2
4044,0
4045,2
4046,2
4047,2
4048,0
4049,2
4050,2
4051,0
4052,0
4053,0
4054,2
4055,2
4056,2
4057,2
4058,2
4059,0
4060,0
4061,0
4062,2
4063,0
4064,2
4065,2
4066,0
4067,0
4068,2
4069,2
4070,0
4071,2
4072,0
4073,2
4074,2
4075,2
4076,2
4077,2
4078,2
4079,0
4080,2
4081,0
4082,2
4083,0
4084,2
4085,2
4086,2
4087,0
4088,2
4089,0
4090,2
4091,2
4092,0
4093,0
4094,2
4095,0
4096,0
4097,0
4098,0
4099,2
4100,2
4101,0
4102,2
4103,2
4104,2
4105,0
4106,2
4107,2
4108,2
4109,0
4110,2
4111,0
4112,0
4113,2
4114,2
4115,2
4116,2
4117,0
4118,0
4119,0
4120,0
4121,1
4122,2
4123,2
4124,2
4125,2
4126,0
4127,0
4128,0
4129,2
4130,2
4131,1
4132,2
4133,0
4134,2
4135,2
4136,2
4137,0
4138,0
4139,0
4140,0
4141,2
4142,2
4143,0
4144,2
4145,2
4146,2
4147,2
4148,0
4149,2
4150,0
4151,2
4152,2
4153,2
4154,2
4155,2
4156,2
4157,0
4158,0
4159,0
4160,2
4161,2
4162,2
4163,2
4164,2
4165,2
4166,2
4167,2
4168,0
4169,2
4170,2
4171,2
4172,2
4173,2
4174,0
4175,2
4176,0
4177,2
4178,2
4179,2
4180,0
4181,2
4182,2
4183,2
4184,0
4185,2
4186,2
4187,2
4188,0
4189,0
4190,2
4191,0
4192,2
4193,2
4194,2
4195,2
4196,2
4197,2
4198,0
4199,2
4200,0
4201,0
4202,0
4203,2
4204,0
4205,0
4206,0
4207,0
4208,2
4209,0
4210,2
4211,2
4212,2
4213,2
4214,2
4215,2
4216,2
4217,0
4218,2
4219,2
4220,2
4221,2
4222,0
4223,2
4224,0
4225,2
4226,2
4227,2
4228,2
4229,0
4230,2
4231,2
4232,0
4233,0
4234,0
4235,0
4236,2
4237,2
4238,2
4239,2
4240,0
4241,2
4242,0
4243,0
4244,2
4245,2
4246,2
4247,0
4248,2
4249,0
4250,2
4251,2
4252,0
4253,0
4254,2
4255,0
4256,2
4257,2
4258,0
4259,0
4260,0
4261,2
4262,2
4263,2
4264,0
4265,2
4266,2
4267,2
4268,2
4269,2
4270,2
4271,2
4272,2
4273,2
4274,2
4275,2
4276,2
4277,2
4278,2
4279,2
4280,2
4281,0
4282,0
4283,2
4284,0
4285,2
4286,2
4287,0
4288,0
4289,0
4290,2
4291,2
4292,0
4293,0
4294,2
4295,0
4296,0
4297,0
4298,2
4299,2
4300,0
4301,2
4302,0
4303,2
4304,0
4305,2
4306,2
4307,2
4308,2
4309,2
4310,2
4311,2
4312,2
4313,2
4314,2
4315,2
4316,0
4317,2
4318,2
4319,0
4320,2
4321,2
4322,0
4323,0
4324,2
4325,0
4326,2
4327,0
4328,2
4329,2
4330,2
4331,2
4332,2
4333,2
4334,2
4335,2
4336,2
4337,2
4338,0
4339,2
4340,2
4341,2
4342,2
4343,2
4344,0
4345,2
4346,2
4347,2
4348,2
4349,2
4350,2
4351,2
4352,2
4353,2
4354,2
4355,2
4356,2
4357,2
4358,2
4359,0
4360,2
4361,2
4362,2
4363,2
4364,2
4365,0
4366,0
4367,2
4368,2
4369,2
4370,2
4371,0
4372,2
4373,2
4374,0
4375,0
4376,2
4377,0
4378,0
4379,0
4380,2
4381,2
4382,2
4383,2
4384,0
4385,0
4386,2
4387,2
4388,2
4389,0
4390,2
4391,0
4392,2
4393,0
4394,2
4395,2
4396,0
4397,0
4398,0
4399,2
4400,2
4401,0
4402,0
4403,2
4404,0
4405,2
4406,2
4407,0
4408,2
4409,0
4410,2
4411,2
4412,2
4413,0
4414,2
4415,2
4416,2
4417,0
4418,2
4419,0
4420,2
4421,0
4422,0
4423,2
4424,0
4425,2
4426,0
4427,2
4428,2
4429,0
4430,2
4431,2
4432,2
4433,2
4434,2
4435,0
4436,2
4437,2
4438,2
4439,0
4440,0
4441,0
4442,0
4443,0
4444,0
4445,0
4446,2
4447,0
4448,2
4449,0
4450,0
4451,2
4452,0
4453,2
4454,0
4455,0
4456,2
4457,0
4458,2
4459,2
4460,0
4461,2
4462,0
4463,2
4464,2
4465,2
4466,2
4467,2
4468,0
4469,0
4470,2
4471,2
4472,2
4473,0
4474,0
4475,2
4476,2
4477,2
4478,2
4479,0
4480,2
4481,2
4482,2
4483,2
4484,2
4485,2
4486,2
4487,0
4488,2
4489,0
4490,0
4491,0
4492,2
4493,0
4494,0
4495,0
4496,0
4497,2
4498,0
4499,0
4500,0
4501,0
4502,0
4503,0
4504,0
4505,0
4506,0
4507,0
4508,0
4509,0
4510,0
4511,0
4512,0
4513,0
4514,2
4515,0
4516,0
4517,2
4518,0
4519,0
4520,0
4521,0
4522,2
4523,0
4524,0
4525,0
4526,0
4527,0
4528,0
4529,0
4530,2
4531,0
4532,0
4533,2
4534,2
4535,2
4536,2
4537,0
4538,0
4539,0
4540,0
4541,0
4542,0
4543,2
4544,0
4545,0
4546,0
4547,0
4548,2
4549,0
4550,0
4551,0
4552,2
4553,0
4554,0
4555,2
4556,2
4557,0
4558,2
4559,0
4560,2
4561,0
4562,0
4563,2
4564,0
4565,0
4566,0
4567,0
4568,0
4569,0
4570,0
4571,2
4572,0
4573,0
4574,0
4575,2
4576,0
4577,0
4578,0
4579,0
4580,0
4581,0
4582,2
4583,0
4584,0
4585,0
4586,0
4587,0
4588,2
4589,0
4590,0
4591,0
4592,0
4593,2
4594,0
4595,0
4596,2
4597,2
4598,2
4599,0
4600,0
4601,2
4602,0
4603,0
4604,2
4605,0
4606,2
4607,2
4608,2
4609,2
4610,0
4611,0
4612,2
4613,0
4614,0
4615,0
4616,0
4617,0
4618,0
4619,2
4620,0
4621,2
4622,0
4623,0
4624,0
4625,2
4626,0
4627,0
4628,0
4629,0
4630,0
4631,0
4632,0
4633,2
4634,1
4635,0
4636,2
4637,0
4638,0
4639,0
4640,2
4641,1
4642,2
4643,2
4644,0
4645,0
4646,0
4647,2
4648,0
4649,0
4650,2
4651,2
4652,0
4653,0
4654,0
4655,2
4656,0
4657,0
4658,1
4659,0
4660,0
4661,0
4662,0
4663,2
4664,0
4665,0
4666,0
4667,2
4668,0
4669,0
4670,0
4671,0
4672,0
4673,0
4674,0
4675,0
4676,0
4677,0
4678,0
4679,2
4680,0
4681,0
4682,0
4683,0
4684,0
4685,0
4686,0
4687,2
4688,0
4689,0
4690,0
4691,2
4692,2
4693,2
4694,0
4695,0
4696,0
4697,0
4698,2
4699,0
4700,0
4701,0
4702,2
4703,0
4704,0
4705,2
4706,0
4707,0
4708,0
4709,2
4710,0
4711,0
4712,0
4713,0
4714,0
4715,0
4716,0
4717,0
4718,0
4719,2
4720,0
4721,0
4722,0
4723,0
4724,0
4725,0
4726,0
4727,0
4728,2
4729,0
4730,0
4731,0
4732,0
4733,0
4734,0
4735,0
4736,0
4737,0
4738,0
4739,2
4740,0
4741,2
4742,0
4743,0
4744,0
4745,0
4746,0
4747,0
4748,2
4749,0
4750,0
4751,0
4752,0
4753,2
4754,2
4755,2
4756,0
4757,2
4758,0
4759,0
4760,0
4761,0
4762,2
4763,0
4764,0
4765,0
4766,2
4767,0
4768,0
4769,0
4770,2
4771,0
4772,0
4773,2
4774,0
4775,2
4776,0
4777,0
4778,0
4779,0
4780,0
4781,0
4782,2
4783,0
4784,0
4785,2
4786,0
4787,0
4788,0
4789,0
4790,2
4791,0
4792,0
4793,0
4794,0
4795,2
4796,2
4797,0
4798,2
4799,0
4800,0
4801,0
4802,2
4803,0
4804,0
4805,0
4806,0
4807,0
4808,2
4809,2
4810,2
4811,0
4812,2
4813,0
4814,2
4815,0
4816,2
4817,0
4818,2
4819,0
4820,2
4821,0
4822,0
4823,0
4824,2
4825,0
4826,0
4827,0
4828,0
4829,0
4830,0
4831,0
4832,2
4833,0
4834,0
4835,0
4836,0
4837,0
4838,0
4839,2
4840,2
4841,0
4842,0
4843,0
4844,2
4845,0
4846,0
4847,0
4848,2
4849,2
4850,0
4851,2
4852,0
4853,2
4854,0
4855,0
4856,2
4857,0
4858,2
4859,0
4860,0
4861,2
4862,0
4863,0
4864,2
4865,2
4866,2
4867,0
4868,0
4869,2
4870,0
4871,2
4872,0
4873,0
4874,0
4875,0
4876,0
4877,2
4878,2
4879,0
4880,0
4881,2
4882,0
4883,0
4884,2
4885,0
4886,0
4887,0
4888,0
4889,0
4890,0
4891,2
4892,0
4893,0
4894,0
4895,0
4896,2
4897,0
4898,0
4899,0
4900,0
4901,2
4902,0
4903,2
4904,2
4905,2
4906,0
4907,0
4908,2
4909,0
4910,0
4911,0
4912,0
4913,0
4914,2
4915,0
4916,2
4917,0
4918,0
4919,2
4920,2
4921,0
4922,0
4923,2
4924,0
4925,0
4926,2
4927,0
4928,0
4929,0
4930,2
4931,0
4932,0
4933,2
4934,0
4935,2
4936,2
4937,0
4938,0
4939,0
4940,0
4941,2
4942,0
4943,0
4944,2
4945,0
4946,0
4947,0
4948,2
4949,0
4950,2
4951,0
4952,0
4953,2
4954,2
4955,0
4956,2
4957,2
4958,0
4959,0
4960,0
4961,2
4962,2
4963,0
4964,0
4965,0
4966,0
4967,0
4968,2
4969,0
4970,2
4971,0
4972,0
4973,2
4974,0
4975,2
4976,2
4977,2
4978,0
4979,2
4980,0
4981,0
4982,0
4983,0
4984,0
4985,0
4986,0
4987,2
4988,2
4989,0
4990,2
4991,0
4992,0
4993,0
4994,0
4995,2
4996,0
4997,0
4998,2
4999,2
5000,0
5001,0
5002,2
5003,0
5004,0
5005,0
5006,0
5007,0
5008,0
5009,0
5010,2
5011,0
5012,0
5013,2
5014,0
5015,0
5016,0
5017,0
5018,0
5019,0
5020,0
5021,0
5022,0
5023,0
5024,2
5025,0
5026,0
5027,0
5028,0
5029,2
5030,0
5031,0
5032,0
5033,2
5034,0
5035,2
5036,0
5037,0
5038,2
5039,0
5040,0
5041,0
5042,0
5043,0
5044,0
5045,2
5046,0
5047,0
5048,2
5049,0
5050,0
5051,2
5052,0
5053,0
5054,0
5055,2
5056,2
5057,0
5058,0
5059,0
5060,0
5061,0
5062,2
5063,2
5064,0
5065,2
5066,2
5067,0
5068,2
5069,2
5070,0
5071,0
5072,2
5073,0
5074,0
5075,2
5076,0
5077,0
5078,2
5079,0
5080,2
5081,0
5082,0
5083,0
5084,0
5085,0
5086,0
5087,0
5088,1
5089,0
5090,2
5091,0
5092,0
5093,2
5094,2
5095,2
5096,0
5097,0
5098,0
5099,0
5100,0
5101,0
5102,0
5103,0
5104,2
5105,2
5106,0
5107,0
5108,0
5109,2
5110,2
5111,0
5112,0
5113,0
5114,0
5115,0
5116,0
5117,2
5118,0
5119,2
5120,0
5121,2
5122,0
5123,0
5124,2
5125,0
5126,0
5127,0
5128,2
5129,2
5130,2
5131,2
5132,0
5133,0
5134,2
5135,2
5136,0
5137,0
5138,2
5139,2
5140,0
5141,2
5142,0
5143,0
5144,2
5145,1
5146,2
5147,0
5148,0
5149,0
5150,0
5151,0
5152,0
5153,0
5154,0
5155,0
5156,2
5157,0
5158,2
5159,0
5160,0
5161,0
5162,0
5163,0
5164,0
5165,0
5166,2
5167,0
5168,2
5169,0
5170,2
5171,0
5172,2
5173,2
5174,0
5175,0
5176,0
5177,0
5178,2
5179,2
5180,2
5181,0
5182,0
5183,0
5184,0
5185,2
5186,2
5187,2
5188,0
5189,2
5190,0
5191,0
5192,0
5193,0
5194,0
5195,2
5196,2
5197,0
5198,2
5199,0
5200,2
5201,2
5202,2
5203,0
5204,0
5205,2
5206,2
5207,0
5208,0
5209,2
5210,2
5211,0
5212,2
5213,0
5214,0
5215,0
5216,2
5217,0
5218,0
5219,0
5220,0
5221,0
5222,2
5223,0
5224,0
5225,0
5226,0
5227,0
5228,0
5229,0
5230,0
5231,0
5232,0
5233,0
5234,0
5235,0
5236,0
5237,2
5238,2
5239,0
5240,2
5241,0
5242,0
5243,0
5244,0
5245,0
5246,0
5247,0
5248,0
5249,0
5250,0
5251,2
5252,0
5253,0
5254,2
5255,2
5256,2
5257,0
5258,2
5259,2
5260,2
5261,0
5262,0
5263,0
5264,0
5265,0
5266,0
5267,0
5268,0
5269,0
5270,0
5271,0
5272,0
5273,0
5274,2
5275,0
5276,2
5277,2
5278,2
5279,0
5280,0
5281,0
5282,0
5283,0
5284,0
5285,0
5286,0
5287,0
5288,0
5289,2
5290,2
5291,2
5292,2
5293,2
5294,0
5295,2
5296,0
5297,0
5298,2
5299,2
5300,0
5301,0
5302,0
5303,2
5304,2
5305,2
5306,0
5307,0
5308,2
5309,0
5310,2
5311,2
5312,0
5313,0
5314,0
5315,0
5316,0
5317,2
5318,0
5319,2
5320,0
5321,0
5322,0
5323,2
5324,0
5325,2
5326,0
5327,0
5328,0
5329,0
5330,2
5331,0
5332,0
5333,2
5334,2
5335,0
5336,2
5337,0
5338,0
5339,2
5340,0
5341,0
5342,0
5343,0
5344,0
5345,2
5346,2
5347,0
5348,2
5349,2
5350,0
5351,0
5352,0
5353,0
5354,0
5355,0
5356,0
5357,2
5358,0
5359,0
5360,0
5361,0
5362,2
5363,2
5364,2
5365,2
5366,2
5367,0
5368,2
5369,2
5370,0
5371,0
5372,0
5373,0
5374,0
5375,0
5376,0
5377,0
5378,0
5379,2
5380,0
5381,0
5382,0
5383,2
5384,2
5385,2
5386,2
5387,0
5388,0
5389,0
5390,0
5391,0
5392,2
5393,0
5394,2
5395,0
5396,0
5397,2
5398,0
5399,0
5400,2
5401,0
5402,2
5403,2
5404,0
5405,2
5406,0
5407,0
5408,0
5409,0
5410,0
5411,2
5412,0
5413,0
5414,0
5415,0
5416,0
5417,0
5418,0
5419,0
5420,0
5421,2
5422,0
5423,0
5424,0
5425,2
5426,2
5427,2
5428,0
5429,0
5430,2
5431,0
5432,0
5433,0
5434,0
5435,2
5436,2
5437,0
5438,0
5439,0
5440,2
5441,0
5442,0
5443,0
5444,2
5445,2
5446,2
5447,0
5448,2
5449,0
5450,2
5451,0
5452,2
5453,0
5454,2
5455,2
5456,0
5457,0
5458,2
5459,0
5460,0
5461,2
5462,0
5463,0
5464,2
5465,2
5466,2
5467,2
5468,0
5469,0
5470,0
5471,2
5472,0
5473,0
5474,2
5475,2
5476,0
5477,2
5478,0
5479,2
5480,2
5481,2
5482,2
5483,2
5484,2
5485,0
5486,0
5487,0
5488,0
5489,2
5490,0
5491,0
5492,0
5493,0
5494,0
5495,2
5496,0
5497,0
5498,2
5499,2
5500,0
5501,1
5502,0
5503,2
5504,2
5505,0
5506,0
5507,0
5508,0
5509,0
5510,0
5511,0
5512,0
5513,0
5514,0
5515,2
5516,0
5517,0
5518,0
5519,2
5520,0
5521,0
5522,0
5523,0
5524,0
5525,0
5526,2
5527,0
5528,0
5529,2
5530,2
5531,0
5532,2
5533,2
5534,2
5535,2
5536,0
5537,0
5538,2
5539,0
5540,0
5541,2
5542,0
5543,2
5544,0
5545,2
5546,0
5547,0
5548,0
5549,2
5550,0
5551,0
5552,2
5553,0
5554,0
5555,0
5556,0
5557,2
5558,2
5559,0
5560,0
5561,0
5562,0
5563,0
5564,2
5565,2
5566,1
5567,0
5568,0
5569,2
5570,2
5571,2
5572,2
5573,0
5574,0
5575,2
5576,0
5577,2
5578,2
5579,0
5580,2
5581,0
5582,2
5583,0
5584,2
5585,0
5586,2
5587,2
5588,2
5589,0
5590,2
5591,2
5592,2
5593,2
5594,2
5595,0
5596,2
5597,0
5598,2
5599,0
5600,2
5601,0
5602,2
5603,2
5604,0
5605,0
5606,0
5607,0
5608,2
5609,2
5610,0
5611,2
5612,0
5613,0
5614,0
5615,0
5616,0
5617,0
5618,2
5619,2
5620,2
5621,2
5622,2
5623,0
5624,0
5625,2
5626,0
5627,0
5628,0
5629,0
5630,0
5631,0
5632,1
5633,2
5634,0
5635,0
5636,0
5637,0
5638,0
5639,0
5640,0
5641,0
5642,0
5643,0
5644,0
5645,0
5646,0
5647,0
5648,0
5649,0
5650,0
5651,0
5652,0
5653,0
5654,0
5655,0
5656,0
5657,0
5658,0
5659,0
5660,0
5661,0
5662,0
5663,0
5664,0
5665,0
5666,0
5667,2
5668,2
5669,0
5670,0
5671,0
5672,0
5673,0
5674,0
5675,0
5676,0
5677,0
5678,0
5679,0
5680,0
5681,0
5682,0
5683,0
5684,0
5685,0
5686,0
5687,0
5688,2
5689,0
5690,2
5691,0
5692,2
5693,0
5694,0
5695,0
5696,0
5697,0
5698,0
5699,0
5700,0
5701,0
5702,0
5703,0
5704,0
5705,0
5706,0
5707,2
5708,0
5709,0
5710,0
5711,0
5712,0
5713,0
5714,0
5715,0
5716,0
5717,0
5718,0
5719,0
5720,0
5721,0
5722,2
5723,0
5724,0
5725,0
5726,0
5727,0
5728,0
5729,2
5730,0
5731,2
5732,0
5733,0
5734,0
5735,0
5736,0
5737,0
5738,0
5739,0
5740,2
5741,2
5742,0
5743,0
5744,0
5745,2
5746,2
5747,0
5748,2
5749,0
5750,2
5751,0
5752,0
5753,0
5754,0
5755,0
5756,0
5757,0
5758,2
5759,0
5760,2
5761,0
5762,0
5763,0
5764,0
5765,2
5766,0
5767,0
5768,0
5769,0
5770,2
5771,2
5772,0
5773,0
5774,0
5775,0
5776,0
5777,2
5778,0
5779,0
5780,0
5781,0
5782,2
5783,0
5784,0
5785,0
5786,0
5787,0
5788,0
5789,0
5790,0
5791,0
5792,2
5793,0
5794,0
5795,0
5796,2
5797,0
5798,0
5799,0
5800,0
5801,0
5802,0
5803,0
5804,0
5805,0
5806,0
5807,0
5808,0
5809,0
5810,0
5811,2
5812,0
5813,0
5814,0
5815,0
5816,0
5817,0
5818,0
5819,0
5820,0
5821,0
5822,0
5823,0
5824,2
5825,0
5826,0
5827,2
5828,2
5829,0
5830,0
5831,2
5832,0
5833,0
5834,0
5835,0
5836,0
5837,0
5838,0
5839,0
5840,0
5841,0
5842,0
5843,0
5844,0
5845,0
5846,0
5847,0
5848,0
5849,0
5850,0
5851,0
5852,0
5853,0
5854,0
5855,2
5856,2
5857,2
5858,2
5859,0
5860,0
5861,0
5862,0
5863,0
5864,0
5865,0
5866,0
5867,2
5868,0
5869,0
5870,2
5871,0
5872,0
5873,0
5874,0
5875,2
5876,0
5877,0
5878,0
5879,0
5880,0
5881,0
5882,2
5883,2
5884,1
5885,0
5886,0
5887,2
5888,2
5889,0
5890,0
5891,2
5892,0
5893,2
5894,0
5895,2
5896,0
5897,0
5898,1
5899,0
5900,0
5901,2
5902,0
5903,0
5904,2
5905,0
5906,0
5907,0
5908,2
5909,2
5910,0
5911,0
5912,0
5913,0
5914,0
5915,0
5916,0
5917,2
5918,0
5919,2
5920,0
5921,0
5922,0
5923,0
5924,0
5925,0
5926,2
5927,0
5928,0
5929,0
5930,0
5931,2
5932,0
5933,2
5934,2
5935,2
5936,2
5937,0
5938,2
5939,2
5940,2
5941,0
5942,0
5943,2
5944,2
5945,0
5946,0
5947,0
5948,2
5949,2
5950,2
5951,2
5952,2
5953,2
5954,2
5955,2
5956,0
5957,2
5958,2
5959,2
5960,2
5961,0
5962,0
5963,0
5964,2
5965,2
5966,2
5967,2
5968,2
5969,2
5970,0
5971,0
5972,2
5973,2
5974,0
5975,2
5976,2
5977,2
5978,2
5979,2
5980,2
5981,2
5982,2
5983,0
5984,2
5985,2
5986,2
5987,2
5988,2
5989,0
5990,2
5991,2
5992,2
5993,2
5994,0
5995,2
5996,2
5997,2
5998,0
5999,0
6000,2
6001,0
6002,0
6003,2
6004,2
6005,2
6006,2
6007,2
6008,0
6009,2
6010,0
6011,2
6012,0
6013,2
6014,0
6015,2
6016,0
6017,2
6018,2
6019,0
6020,2
6021,0
6022,2
6023,2
6024,2
6025,2
6026,2
6027,0
6028,2
6029,0
6030,2
6031,2
6032,2
6033,0
6034,2
6035,2
6036,2
6037,2
6038,2
6039,2
6040,2
6041,2
6042,2
6043,2
6044,0
6045,2
6046,2
6047,0
6048,2
6049,2
6050,2
6051,2
6052,2
6053,2
6054,2
6055,2
6056,2
6057,2
6058,2
6059,2
6060,2
6061,2
6062,2
6063,2
6064,2
6065,2
6066,2
6067,2
6068,2
6069,2
6070,2
6071,2
6072,0
6073,2
6074,2
6075,2
6076,0
6077,2
6078,2
6079,2
6080,2
6081,2
6082,2
6083,2
6084,2
6085,2
6086,2
6087,0
6088,2
6089,0
6090,2
6091,2
6092,2
6093,2
6094,2
6095,2
6096,2
6097,2
6098,0
6099,0
6100,2
6101,2
6102,0
6103,2
6104,2
6105,2
6106,2
6107,2
6108,2
6109,2
6110,0
6111,2
6112,2
6113,2
6114,0
6115,2
6116,2
6117,2
6118,2
6119,2
6120,2
6121,2
6122,2
6123,2
6124,2
6125,2
6126,2
6127,2
6128,2
6129,2
6130,2
6131,2
6132,2
6133,2
6134,2
6135,0
6136,2
6137,2
6138,0
6139,2
6140,2
6141,2
6142,2
6143,2
6144,0
6145,0
6146,2
6147,2
6148,2
6149,2
6150,2
6151,2
6152,2
6153,2
6154,2
6155,2
6156,2
6157,2
6158,2
6159,2
6160,2
6161,2
6162,2
6163,0
6164,2
6165,2
6166,2
6167,2
6168,2
6169,2
6170,2
6171,2
6172,2
6173,2
6174,0
6175,0
6176,2
6177,2
6178,2
6179,2
6180,2
6181,2
6182,2
6183,2
6184,2
6185,0
6186,2
6187,2
6188,2
6189,2
6190,2
6191,2
6192,2
6193,2
6194,2
6195,2
6196,2
6197,2
6198,2
6199,2
6200,2
6201,2
6202,2
6203,2
6204,2
6205,2
6206,0
6207,2
6208,2
6209,2
6210,2
6211,2
6212,2
6213,0
6214,2
6215,2
6216,2
6217,2
6218,2
6219,2
6220,2
6221,2
6222,0
6223,2
6224,2
6225,2
6226,2
6227,2
6228,2
6229,2
6230,2
6231,2
6232,2
6233,2
6234,2
6235,2
6236,2
6237,0
6238,2
6239,0
6240,2
6241,2
6242,2
6243,2
6244,2
6245,2
6246,2
6247,2
6248,2
6249,0
6250,2
6251,2
6252,2
6253,0
6254,2
6255,2
6256,1
6257,2
6258,2
6259,2
6260,0
6261,2
6262,2
6263,0
6264,0
6265,2
6266,2
6267,2
6268,2
6269,0
6270,2
6271,2
6272,2
6273,2
6274,2
6275,2
6276,2
6277,0
6278,2
6279,2
6280,0
6281,0
6282,2
6283,0
6284,0
6285,2
6286,0
6287,2
6288,0
6289,0
6290,0
6291,0
6292,0
6293,2
6294,0
6295,2
6296,2
6297,0
6298,0
6299,0
6300,0
6301,2
6302,2
6303,0
6304,2
6305,0
6306,2
6307,0
6308,0
6309,0
6310,0
6311,0
6312,0
6313,2
6314,0
6315,0
6316,0
6317,0
6318,2
6319,0
6320,0
6321,0
6322,0
6323,2
6324,2
6325,0
6326,2
6327,2
6328,0
6329,0
6330,2
6331,0
6332,0
6333,2
6334,2
6335,0
6336,0
6337,2
6338,2
6339,2
6340,2
6341,2
6342,0
6343,0
6344,0
6345,2
6346,0
6347,0
6348,2
6349,0
6350,0
6351,0
6352,2
6353,0
6354,0
6355,0
6356,0
6357,0
6358,0
6359,0
6360,2
6361,2
6362,2
6363,2
6364,0
6365,0
6366,0
6367,2
6368,2
6369,0
6370,0
6371,0
6372,2
6373,0
6374,2
6375,0
6376,0
6377,0
6378,0
6379,2
6380,0
6381,0
6382,0
6383,2
6384,2
6385,2
6386,0
6387,0
6388,0
6389,0
6390,0
6391,0
6392,0
6393,0
6394,0
6395,2
6396,2
6397,2
6398,0
6399,0
6400,0
6401,2
6402,2
6403,0
6404,2
6405,2
6406,2
6407,0
6408,0
6409,2
6410,2
6411,0
6412,0
6413,2
6414,0
6415,0
6416,2
6417,0
6418,2
6419,2
6420,2
6421,0
6422,2
6423,2
6424,0
6425,0
6426,2
6427,2
6428,0
6429,0
6430,0
6431,0
6432,2
6433,2
6434,0
6435,0
6436,2
6437,2
6438,0
6439,2
6440,0
6441,0
6442,0
6443,0
6444,0
6445,2
6446,0
6447,0
6448,2
6449,0
6450,2
6451,0
6452,2
6453,0
6454,0
6455,0
6456,2
6457,0
6458,0
6459,2
6460,2
6461,2
6462,2
6463,0
6464,2
6465,2
6466,0
6467,0
6468,0
6469,0
6470,2
6471,0
6472,2
6473,2
6474,2
6475,2
6476,2
6477,0
6478,0
6479,0
6480,0
6481,2
6482,2
6483,2
6484,0
6485,0
6486,0
6487,2
6488,0
6489,2
6490,2
6491,0
6492,0
6493,0
6494,0
6495,0
6496,2
6497,0
6498,0
6499,2
6500,0
6501,2
6502,2
6503,0
6504,0
6505,0
6506,2
6507,0
6508,0
6509,2
6510,0
6511,2
6512,0
6513,2
6514,2
6515,2
6516,2
6517,2
6518,2
6519,0
6520,2
6521,2
6522,0
6523,0
6524,2
6525,0
6526,2
6527,2
6528,2
6529,0
6530,2
6531,2
6532,2
6533,2
6534,2
6535,2
6536,0
6537,0
6538,2
6539,0
6540,0
6541,2
6542,0
6543,0
6544,2
6545,0
6546,2
6547,0
6548,0
6549,0
6550,0
6551,2
6552,2
6553,0
6554,0
6555,0
6556,2
6557,2
6558,2
6559,2
6560,2
6561,2
6562,0
6563,0
6564,2
6565,2
6566,0
6567,0
6568,0
6569,2
6570,0
6571,0
6572,2
6573,2
6574,0
6575,2
6576,2
6577,2
6578,0
6579,0
6580,2
6581,0
6582,2
6583,0
6584,0
6585,0
6586,2
6587,0
6588,2
6589,2
6590,0
6591,2
6592,2
6593,0
6594,0
6595,0
6596,0
6597,2
6598,0
6599,0
6600,0
6601,0
6602,2
6603,2
6604,0
6605,0
6606,0
6607,2
6608,2
6609,2
6610,0
6611,2
6612,0
6613,2
6614,2
6615,0
6616,0
6617,2
6618,2
6619,2
6620,0
6621,2
6622,0
6623,2
6624,2
6625,2
6626,0
6627,0
6628,0
6629,0
6630,2
6631,0
6632,2
6633,2
6634,0
6635,0
6636,2
6637,2
6638,2
6639,0
6640,0
6641,0
6642,2
6643,0
6644,0
6645,0
6646,2
6647,2
6648,2
6649,2
6650,0
6651,2
6652,0
6653,2
6654,2
6655,0
6656,0
6657,2
6658,0
6659,0
6660,0
6661,2
6662,0
6663,2
6664,0
6665,2
6666,0
6667,0
6668,2
6669,2
6670,0
6671,0
6672,2
6673,0
6674,0
6675,0
6676,0
6677,0
6678,2
6679,2
6680,2
6681,2
6682,1
6683,0
6684,0
6685,0
6686,2
6687,2
6688,2
6689,0
6690,2
6691,0
6692,0
6693,2
6694,2
6695,2
6696,0
6697,2
6698,2
6699,2
6700,0
6701,2
6702,2
6703,2
6704,0
6705,0
6706,2
6707,0
6708,0
6709,0
6710,0
6711,2
6712,0
6713,0
6714,0
6715,2
6716,0
6717,0
6718,0
6719,0
6720,0
6721,0
6722,0
6723,2
6724,2
6725,0
6726,0
6727,0
6728,2
6729,2
6730,0
6731,0
6732,0
6733,0
6734,0
6735,0
6736,0
6737,0
6738,2
6739,2
6740,2
6741,0
6742,2
6743,0
6744,0
6745,2
6746,0
6747,2
6748,0
6749,2
6750,2
6751,0
6752,2
6753,2
6754,0
6755,0
6756,2
6757,0
6758,2
6759,0
6760,2
6761,2
6762,2
6763,0
6764,0
6765,2
6766,2
6767,0
6768,2
6769,0
6770,2
6771,0
6772,0
6773,0
6774,0
6775,2
6776,0
6777,2
6778,0
6779,0
6780,0
6781,0
6782,0
6783,2
6784,0
6785,0
6786,2
6787,2
6788,2
6789,0
6790,0
6791,0
6792,2
6793,0
6794,0
6795,0
6796,2
6797,0
6798,2
6799,0
6800,2
6801,0
6802,0
6803,0
6804,0
6805,2
6806,2
6807,0
6808,0
6809,2
6810,2
6811,2
6812,0
6813,0
6814,0
6815,0
6816,0
6817,2
6818,2
6819,0
6820,2
6821,2
6822,0
6823,0
6824,0
6825,0
6826,0
6827,2
6828,0
6829,0
6830,0
6831,0
6832,2
6833,0
6834,2
6835,0
6836,0
6837,2
6838,0
6839,0
6840,0
6841,0
6842,0
6843,0
6844,2
6845,2
6846,0
6847,0
6848,2
6849,2
6850,2
6851,0
6852,0
6853,0
6854,0
6855,2
6856,0
6857,2
6858,2
6859,0
6860,2
6861,2
6862,0
6863,0
6864,0
6865,2
6866,0
6867,0
6868,0
6869,2
6870,0
6871,2
6872,0
6873,0
6874,0
6875,2
6876,0
6877,0
6878,0
6879,2
6880,2
6881,2
6882,0
6883,2
6884,0
6885,0
6886,2
6887,2
6888,0
6889,0
6890,2
6891,2
6892,0
6893,0
6894,2
6895,2
6896,0
6897,2
6898,0
6899,2
6900,0
6901,2
6902,2
6903,2
6904,2
6905,2
6906,0
6907,2
6908,0
6909,0
6910,0
6911,0
6912,0
6913,2
6914,0
6915,0
6916,2
6917,0
6918,0
6919,0
6920,0
6921,0
6922,2
6923,0
6924,0
6925,2
6926,0
6927,0
6928,2
6929,0
6930,0
6931,0
6932,0
6933,0
6934,0
6935,0
6936,0
6937,2
6938,2
6939,0
6940,2
6941,0
6942,2
6943,0
6944,0
6945,0
6946,0
6947,0
6948,2
6949,2
6950,2
6951,0
6952,0
6953,0
6954,0
6955,0
6956,2
6957,0
6958,0
6959,0
6960,2
6961,0
6962,2
6963,0
6964,2
6965,0
6966,0
6967,0
6968,0
6969,2
6970,0
6971,0
6972,0
6973,0
6974,0
6975,0
6976,2
6977,2
6978,0
6979,0
6980,0
6981,2
6982,2
6983,2
6984,2
6985,0
6986,0
6987,0
6988,2
6989,0
6990,0
6991,2
6992,2
6993,0
6994,0
6995,2
6996,2
6997,0
6998,0
6999,0
7000,0
7001,2
7002,0
7003,0
7004,0
7005,0
7006,0
7007,2
7008,0
7009,2
7010,2
7011,0
7012,2
7013,2
7014,2
7015,0
7016,2
7017,0
7018,2
7019,0
7020,0
7021,0
7022,2
7023,2
7024,0
7025,2
7026,2
7027,0
7028,0
7029,0
7030,2
7031,0
7032,2
7033,2
7034,2
7035,2
7036,0
7037,0
7038,0
7039,2
7040,0
7041,0
7042,0
7043,0
7044,0
7045,0
7046,0
7047,2
7048,0
7049,1
7050,0
7051,0
7052,0
7053,2
7054,2
7055,2
7056,0
7057,2
7058,0
7059,2
7060,0
7061,0
7062,0
7063,0
7064,2
7065,0
7066,0
7067,0
7068,0
7069,0
7070,0
7071,0
7072,2
7073,2
7074,2
7075,0
7076,0
7077,2
7078,0
7079,0
7080,0
7081,0
7082,2
7083,2
7084,0
7085,0
7086,2
7087,0
7088,0
7089,0
7090,2
7091,2
7092,0
7093,0
7094,0
7095,0
7096,0
7097,2
7098,0
7099,2
7100,0
7101,2
7102,0
7103,0
7104,0
7105,2
7106,2
7107,0
7108,0
7109,0
7110,0
7111,2
7112,2
7113,0
7114,2
7115,2
7116,2
7117,2
7118,0
7119,0
7120,2
7121,2
7122,0
7123,0
7124,0
7125,2
7126,2
7127,2
7128,0
7129,0
7130,0
7131,0
7132,2
7133,0
7134,0
7135,0
7136,2
7137,0
7138,0
7139,0
7140,2
7141,2
7142,2
7143,2
7144,2
7145,0
7146,2
7147,1
7148,0
7149,0
7150,0
7151,0
7152,2
7153,0
7154,0
7155,2
7156,0
7157,2
7158,0
7159,0
7160,0
7161,0
7162,0
7163,0
7164,0
7165,2
7166,0
7167,2
7168,2
7169,0
7170,0
7171,0
7172,0
7173,0
7174,0
7175,0
7176,0
7177,0
7178,0
7179,0
7180,2
7181,0
7182,0
7183,0
7184,0
7185,0
7186,0
7187,0
7188,0
7189,0
7190,0
7191,0
7192,0
7193,0
7194,0
7195,0
7196,2
7197,0
7198,0
7199,0
7200,0
7201,2
7202,0
7203,0
7204,0
7205,1
7206,0
7207,0
7208,0
7209,0
7210,0
7211,0
7212,0
7213,0
7214,0
7215,2
7216,2
7217,2
7218,2
7219,0
7220,0
7221,0
7222,0
7223,0
7224,0
7225,0
7226,0
7227,0
7228,0
7229,0
7230,0
7231,2
7232,2
7233,2
7234,0
7235,0
7236,0
7237,0
7238,0
7239,0
7240,2
7241,0
7242,0
7243,0
7244,2
7245,0
7246,0
7247,0
7248,0
7249,0
7250,0
7251,0
7252,0
7253,2
7254,0
7255,0
7256,0
7257,2
7258,2
7259,0
7260,0
7261,2
7262,0
7263,0
7264,0
7265,0
7266,0
7267,0
7268,2
7269,2
7270,0
7271,0
7272,0
7273,2
7274,0
7275,0
7276,0
7277,0
7278,0
7279,0
7280,0
7281,0
7282,0
7283,0
7284,0
7285,2
7286,0
7287,0
7288,2
7289,0
7290,0
7291,0
7292,0
7293,0
7294,0
7295,0
7296,0
7297,0
7298,0
7299,2
7300,0
7301,0
7302,0
7303,0
7304,0
7305,0
7306,0
7307,0
7308,0
7309,0
7310,0
7311,0
7312,0
7313,0
7314,0
7315,0
7316,0
7317,0
7318,0
7319,0
7320,0
7321,0
7322,2
7323,0
7324,0
7325,0
7326,0
7327,0
7328,0
7329,0
7330,0
7331,1
7332,0
7333,0
7334,0
7335,0
7336,0
7337,0
7338,0
7339,0
7340,0
7341,0
7342,2
7343,0
7344,0
7345,0
7346,0
7347,2
7348,0
7349,0
7350,0
7351,2
7352,0
7353,0
7354,0
7355,0
7356,0
7357,0
7358,2
7359,0
7360,0
7361,0
7362,0
7363,0
7364,0
7365,0
7366,0
7367,2
7368,2
7369,2
7370,0
7371,0
7372,0
7373,2
7374,0
7375,0
7376,2
7377,0
7378,0
7379,0
7380,0
7381,0
7382,0
7383,0
7384,0
7385,0
7386,0
7387,0
7388,1
7389,1
7390,0
7391,2
7392,0
7393,2
7394,0
7395,0
7396,0
7397,0
7398,0
7399,0
7400,2
7401,0
7402,0
7403,0
7404,0
7405,0
7406,0
7407,0
7408,0
7409,2
7410,0
7411,2
7412,0
7413,0
7414,0
7415,0
7416,0
7417,0
7418,0
7419,0
7420,0
7421,0
7422,0
7423,2
7424,0
7425,0
7426,0
7427,0
7428,0
7429,0
7430,0
7431,0
7432,0
7433,0
7434,0
7435,0
7436,2
7437,0
7438,2
7439,0
7440,0
7441,0
7442,0
7443,0
7444,0
7445,0
7446,0
7447,0
7448,0
7449,0
7450,0
7451,0
7452,0
7453,2
7454,0
7455,0
7456,0
7457,0
7458,2
7459,2
7460,0
7461,0
7462,0
7463,0
7464,0
7465,0
7466,2
7467,0
7468,0
7469,0
7470,0
7471,0
7472,0
7473,0
7474,2
7475,2
7476,0
7477,2
7478,2
7479,0
7480,0
7481,0
7482,0
7483,2
7484,0
7485,2
7486,0
7487,2
7488,2
7489,0
7490,0
7491,0
7492,2
7493,0
7494,0
7495,0
7496,0
7497,2
7498,0
7499,0
7500,0
7501,0
7502,0
7503,0
7504,0
7505,0
7506,0
7507,0
7508,0
7509,0
7510,0
7511,0
7512,0
7513,0
7514,0
7515,0
7516,0
7517,0
7518,0
7519,0
7520,0
7521,0
7522,0
7523,0
7524,0
7525,0
7526,2
7527,0
7528,2
7529,0
7530,0
7531,2
7532,0
7533,0
7534,0
7535,0
7536,0
7537,0
7538,0
7539,0
7540,0
7541,0
7542,0
7543,0
7544,0
7545,0
7546,0
7547,0
7548,0
7549,0
7550,0
7551,0
7552,0
7553,0
7554,0
7555,2
7556,0
7557,0
7558,0
7559,2
7560,0
7561,0
7562,0
7563,0
7564,2
7565,2
7566,2
7567,1
7568,0
7569,0
7570,0
7571,0
7572,0
7573,2
7574,0
7575,0
7576,0
7577,0
7578,2
7579,0
7580,0
7581,0
7582,2
7583,0
7584,0
7585,0
7586,0
7587,0
7588,0
7589,0
7590,0
7591,0
7592,0
7593,0
7594,0
7595,0
7596,0
7597,2
7598,2
7599,0
7600,0
7601,0
7602,2
7603,0
7604,0
7605,0
7606,0
7607,0
7608,0
7609,0
7610,0
7611,0
7612,0
7613,0
7614,0
7615,2
7616,0
7617,2
7618,0
7619,0
7620,0
7621,2
7622,0
7623,0
7624,0
7625,0
7626,0
7627,0
7628,2
7629,0
7630,0
7631,2
7632,0
7633,0
7634,0
7635,0
7636,0
7637,0
7638,0
7639,0
7640,0
7641,0
7642,0
7643,0
7644,2
7645,2
7646,2
7647,2
7648,0
7649,0
7650,0
7651,0
7652,0
7653,0
7654,0
7655,0
7656,0
7657,2
7658,0
7659,0
7660,0
7661,0
7662,0
7663,0
7664,0
7665,0
7666,0
7667,0
7668,0
7669,0
7670,0
7671,0
7672,0
7673,0
7674,0
7675,2
7676,2
7677,0
7678,0
7679,0
7680,0
7681,0
7682,0
7683,0
7684,2
7685,0
7686,2
7687,0
7688,0
7689,2
7690,2
7691,0
7692,0
7693,2
7694,0
7695,2
7696,1
7697,0
7698,0
7699,2
7700,0
7701,0
7702,0
7703,0
7704,2
7705,0
7706,0
7707,0
7708,0
7709,0
7710,0
7711,0
7712,0
7713,0
7714,0
7715,0
7716,0
7717,0
7718,0
7719,2
7720,0
7721,0
7722,0
7723,0
7724,0
7725,2
7726,0
7727,0
7728,0
7729,0
7730,0
7731,0
7732,0
7733,0
7734,2
7735,0
7736,0
7737,0
7738,2
7739,0
7740,0
7741,0
7742,0
7743,0
7744,0
7745,0
7746,0
7747,0
7748,0
7749,0
7750,0
7751,0
7752,0
7753,0
7754,0
7755,0
7756,0
7757,0
7758,0
7759,0
7760,0
7761,0
7762,0
7763,0
7764,2
7765,0
7766,0
7767,0
7768,0
7769,0
7770,0
7771,0
7772,0
7773,0
7774,0
7775,0
7776,0
7777,0
7778,2
7779,0
7780,0
7781,0
7782,0
7783,0
7784,0
7785,0
7786,0
7787,0
7788,0
7789,0
7790,0
7791,2
7792,0
7793,0
7794,2
7795,2
7796,0
7797,0
7798,0
7799,0
7800,0
7801,0
7802,0
7803,0
7804,2
7805,0
7806,0
7807,0
7808,0
7809,0
7810,0
7811,0
7812,0
7813,0
7814,2
7815,0
7816,0
7817,0
7818,0
7819,0
7820,0
7821,0
7822,0
7823,0
7824,0
7825,0
7826,2
7827,0
7828,2
7829,2
7830,0
7831,0
7832,0
7833,2
7834,0
7835,0
7836,0
7837,0
7838,0
7839,0
7840,0
7841,0
7842,0
7843,0
7844,0
7845,0
7846,0
7847,0
7848,0
7849,0
7850,0
7851,0
7852,0
7853,0
7854,0
7855,0
7856,0
7857,0
7858,0
7859,0
7860,2
7861,0
7862,0
7863,0
7864,0
7865,0
7866,0
7867,0
7868,0
7869,0
7870,0
7871,0
7872,2
7873,0
7874,0
7875,0
7876,0
7877,0
7878,0
7879,0
7880,0
7881,0
7882,2
7883,0
7884,0
7885,0
7886,0
7887,0
7888,0
7889,0
7890,0
7891,0
7892,2
7893,0
7894,0
7895,0
7896,0
7897,0
7898,0
7899,0
7900,0
7901,0
7902,0
7903,0
7904,0
7905,0
7906,0
7907,0
7908,0
7909,0
7910,0
7911,0
7912,0
7913,0
7914,0
7915,0
7916,0
7917,2
7918,0
7919,0
7920,0
7921,0
7922,0
7923,0
7924,0
7925,0
7926,2
7927,0
7928,0
7929,0
7930,2
7931,0
7932,0
7933,2
7934,0
7935,0
7936,2
7937,0
7938,0
7939,0
7940,0
7941,0
7942,0
7943,0
7944,0
7945,0
7946,2
7947,2
7948,0
7949,0
7950,0
7951,0
7952,0
7953,2
7954,0
7955,0
7956,0
7957,0
7958,0
7959,0
7960,0
7961,0
7962,2
7963,0
7964,0
7965,2
7966,0
7967,0
7968,0
7969,0
7970,0
7971,0
7972,0
7973,0
7974,2
7975,0
7976,0
7977,0
7978,0
7979,0
7980,0
7981,0
7982,0
7983,0
7984,2
7985,0
7986,0
7987,2
7988,0
7989,0
7990,0
7991,2
7992,0
7993,0
7994,0
7995,0
7996,0
7997,0
7998,0
7999,0
8000,0
8001,0
8002,0
8003,0
8004,0
8005,0
8006,0
8007,2
8008,0
8009,0
8010,0
8011,0
8012,0
8013,0
8014,0
8015,2
8016,0
8017,0
8018,0
8019,0
8020,0
8021,0
8022,0
8023,0
8024,0
8025,0
8026,0
8027,0
8028,0
8029,0
8030,0
8031,0
8032,0
8033,0
8034,0
8035,0
8036,0
8037,0
8038,2
8039,0
8040,0
8041,1
8042,0
8043,0
8044,0
8045,0
8046,0
8047,2
8048,0
8049,0
8050,0
8051,0
8052,0
8053,0
8054,0
8055,0
8056,0
8057,0
8058,2
8059,2
8060,0
8061,0
8062,0
8063,0
8064,2
8065,0
8066,2
8067,0
8068,0
8069,0
8070,0
8071,0
8072,0
8073,1
8074,0
8075,0
8076,2
8077,0
8078,0
8079,0
8080,0
8081,0
8082,0
8083,0
8084,0
8085,0
8086,0
8087,0
8088,0
8089,0
8090,0
8091,0
8092,0
8093,0
8094,0
8095,0
8096,0
8097,0
8098,0
8099,2
8100,0
8101,0
8102,0
8103,0
8104,0
8105,2
8106,0
8107,0
8108,0
8109,0
8110,2
8111,2
8112,0
8113,2
8114,0
8115,0
8116,0
8117,0
8118,0
8119,0
8120,0
8121,0
8122,0
8123,0
8124,0
8125,0
8126,0
8127,2
8128,0
8129,0
8130,0
8131,0
8132,0
8133,0
8134,0
8135,0
8136,2
8137,0
8138,0
8139,0
8140,0
8141,0
8142,0
8143,0
8144,0
8145,0
8146,0
8147,0
8148,1
8149,0
8150,0
8151,0
8152,0
8153,0
8154,0
8155,0
8156,2
8157,2
8158,2
8159,0
8160,0
8161,0
8162,0
8163,0
8164,0
8165,0
8166,0
8167,0
8168,0
8169,0
8170,0
8171,0
8172,2
8173,0
8174,0
8175,2
8176,0
8177,0
8178,0
8179,0
8180,0
8181,0
8182,0
8183,0
8184,2
8185,2
8186,0
8187,1
8188,0
8189,0
8190,2
8191,0
8192,2
8193,2
8194,0
8195,0
8196,2
8197,0
8198,0
8199,0
8200,0
8201,0
8202,0
8203,0
8204,0
8205,0
8206,0
8207,0
8208,2
8209,0
8210,0
8211,0
8212,0
8213,0
8214,0
8215,0
8216,0
8217,0
8218,2
8219,2
8220,0
8221,0
8222,0
8223,0
8224,2
8225,0
8226,0
8227,0
8228,0
8229,2
8230,0
8231,0
8232,0
8233,2
8234,0
8235,0
8236,0
8237,0
8238,0
8239,0
8240,0
8241,0
8242,2
8243,0
8244,0
8245,0
8246,0
8247,0
8248,0
8249,0
8250,0
8251,0
8252,0
8253,0
8254,2
8255,0
8256,2
8257,0
8258,0
8259,0
8260,0
8261,2
8262,0
8263,0
8264,2
8265,0
8266,0
8267,2
8268,0
8269,0
8270,0
8271,0
8272,0
8273,0
8274,0
8275,0
8276,0
8277,0
8278,0
8279,2
8280,0
8281,0
8282,2
8283,2
8284,0
8285,2
8286,0
8287,0
8288,0
8289,2
8290,0
8291,0
8292,0
8293,0
8294,0
8295,0
8296,0
8297,0
8298,0
8299,0
8300,0
8301,0
8302,0
8303,2
8304,0
8305,0
8306,0
8307,2
8308,0
8309,0
8310,0
8311,0
8312,0
8313,2
8314,0
8315,0
8316,2
8317,0
8318,2
8319,2
8320,0
8321,2
8322,0
8323,0
8324,0
8325,0
8326,0
8327,0
8328,0
8329,0
8330,0
8331,0
8332,0
8333,0
8334,0
8335,0
8336,0
8337,2
8338,0
8339,0
8340,2
8341,0
8342,0
8343,0
8344,0
8345,2
8346,0
8347,0
8348,0
8349,0
8350,2
8351,0
8352,0
8353,0
8354,0
8355,0
8356,0
8357,0
8358,0
8359,0
8360,0
8361,0
8362,0
8363,0
8364,0
8365,0
8366,2
8367,0
8368,0
8369,2
8370,0
8371,2
8372,0
8373,0
8374,0
8375,2
8376,0
8377,0
8378,0
8379,0
8380,2
8381,0
8382,0
8383,2
8384,0
8385,0
8386,2
8387,2
8388,2
8389,0
8390,0
8391,0
8392,2
8393,0
8394,0
8395,0
8396,0
8397,0
8398,0
8399,0
8400,2
8401,0
8402,0
8403,0
8404,0
8405,0
8406,2
8407,0
8408,0
8409,0
8410,0
8411,0
8412,0
8413,0
8414,0
8415,0
8416,0
8417,0
8418,0
8419,0
8420,0
8421,0
8422,0
8423,0
8424,2
8425,0
8426,0
8427,0
8428,0
8429,2
8430,0
8431,0
8432,0
8433,0
8434,0
8435,2
8436,0
8437,2
8438,0
8439,0
8440,0
8441,0
8442,0
8443,0
8444,1
8445,0
8446,0
8447,0
8448,0
8449,0
8450,0
8451,0
8452,0
8453,0
8454,0
8455,2
8456,2
8457,0
8458,0
8459,0
8460,0
8461,0
8462,2
8463,0
8464,0
8465,0
8466,0
8467,0
8468,0
8469,0
8470,0
8471,2
8472,0
8473,0
8474,0
8475,0
8476,0
8477,2
8478,0
8479,0
8480,2
8481,0
8482,0
8483,0
8484,0
8485,0
8486,0
8487,0
8488,0
8489,0
8490,0
8491,2
8492,0
8493,0
8494,0
8495,0
8496,0
8497,2
8498,2
8499,0
8500,0
8501,0
8502,0
8503,0
8504,0
8505,0
8506,0
8507,0
8508,2
8509,0
8510,0
8511,0
8512,0
8513,2
8514,0
8515,0
8516,0
8517,2
8518,0
8519,0
8520,0
8521,0
8522,2
8523,2
8524,0
8525,0
8526,0
8527,2
8528,0
8529,0
8530,0
8531,0
8532,0
8533,0
8534,2
8535,0
8536,0
8537,0
8538,0
8539,0
8540,0
8541,2
8542,0
8543,0
8544,0
8545,2
8546,0
8547,0
8548,0
8549,0
8550,0
8551,0
8552,0
8553,0
8554,0
8555,0
8556,0
8557,2
8558,0
8559,0
8560,0
8561,0
8562,0
8563,0
8564,0
8565,0
8566,0
8567,2
8568,0
8569,0
8570,2
8571,2
8572,0
8573,0
8574,0
8575,0
8576,0
8577,0
8578,0
8579,2
8580,2
8581,0
8582,0
8583,0
8584,2
8585,0
8586,0
8587,0
8588,0
8589,0
8590,0
8591,0
8592,2
8593,0
8594,0
8595,0
8596,0
8597,0
8598,0
8599,2
8600,0
8601,0
8602,0
8603,0
8604,0
8605,2
8606,0
8607,0
8608,0
8609,0
8610,0
8611,2
8612,0
8613,0
8614,0
8615,0
8616,2
8617,0
8618,0
8619,0
8620,2
8621,0
8622,2
8623,0
8624,2
8625,0
8626,0
8627,0
8628,0
8629,0
8630,0
8631,0
8632,0
8633,0
8634,0
8635,0
8636,0
8637,0
8638,0
8639,0
8640,0
8641,0
8642,0
8643,0
8644,0
8645,0
8646,0
8647,0
8648,0
8649,0
8650,0
8651,0
8652,0
8653,0
8654,0
8655,0
8656,0
8657,0
8658,0
8659,0
8660,0
8661,2
8662,0
8663,0
8664,0
8665,2
8666,0
8667,0
8668,0
8669,0
8670,0
8671,0
8672,0
8673,0
8674,0
8675,0
8676,0
8677,0
8678,0
8679,0
8680,0
8681,0
8682,2
8683,0
8684,0
8685,0
8686,0
8687,0
8688,0
8689,0
8690,2
8691,0
8692,2
8693,2
8694,0
8695,0
8696,0
8697,2
8698,0
8699,0
8700,0
8701,2
8702,0
8703,0
8704,0
8705,0
8706,0
8707,0
8708,0
8709,0
8710,2
8711,0
8712,0
8713,0
8714,0
8715,0
8716,0
8717,0
8718,0
8719,0
8720,0
8721,0
8722,0
8723,0
8724,0
8725,0
8726,0
8727,0
8728,2
8729,0
8730,0
8731,2
8732,0
8733,0
8734,0
8735,0
8736,0
8737,0
8738,0
8739,0
8740,0
8741,0
8742,0
8743,0
8744,0
8745,0
8746,0
8747,0
8748,0
8749,0
8750,0
8751,0
8752,2
8753,2
8754,0
8755,0
8756,0
8757,2
8758,2
8759,0
8760,0
8761,0
8762,0
8763,0
8764,0
8765,0
8766,2
8767,0
8768,0
8769,0
8770,0
8771,0
8772,0
8773,0
8774,0
8775,0
8776,0
8777,0
8778,0
8779,0
8780,0
8781,0
8782,0
8783,0
8784,0
8785,0
8786,0
8787,0
8788,0
8789,0
8790,0
8791,0
8792,0
8793,0
8794,0
8795,0
8796,0
8797,0
8798,0
8799,0
8800,0
8801,0
8802,0
8803,0
8804,0
8805,2
8806,0
8807,0
8808,0
8809,0
8810,0
8811,0
8812,0
8813,0
8814,0
8815,0
8816,2
8817,0
8818,0
8819,0
8820,0
8821,0
8822,0
8823,2
8824,0
8825,0
8826,0
8827,0
8828,0
8829,0
8830,0
8831,2
8832,0
8833,0
8834,2
8835,0
8836,0
8837,2
8838,0
8839,0
8840,0
8841,0
8842,0
8843,0
8844,0
8845,0
8846,0
8847,0
8848,0
8849,0
8850,0
8851,0
8852,0
8853,0
8854,0
8855,0
8856,0
8857,0
8858,0
8859,0
8860,0
8861,0
8862,2
8863,0
8864,0
8865,0
8866,0
8867,0
8868,0
8869,0
8870,0
8871,2
8872,0
8873,0
8874,0
8875,0
8876,0
8877,0
8878,0
8879,0
8880,0
8881,2
8882,0
8883,0
8884,0
8885,0
8886,2
8887,0
8888,2
8889,2
8890,0
8891,0
8892,0
8893,0
8894,0
8895,0
8896,0
8897,0
8898,0
8899,0
8900,0
8901,2
8902,0
8903,0
8904,0
8905,0
8906,0
8907,0
8908,0
8909,0
8910,0
8911,0
8912,0
8913,2
8914,0
8915,0
8916,0
8917,0
8918,0
8919,0
8920,0
8921,0
8922,0
8923,0
8924,0
8925,2
8926,0
8927,0
8928,0
8929,0
8930,0
8931,0
8932,0
8933,0
8934,0
8935,0
8936,0
8937,0
8938,2
8939,0
8940,0
8941,0
8942,0
8943,2
8944,0
8945,0
8946,0
8947,0
8948,0
8949,0
8950,0
8951,0
8952,0
8953,0
8954,2
8955,0
8956,0
8957,0
8958,0
8959,0
8960,0
8961,0
8962,2
8963,0
8964,0
8965,2
8966,0
8967,0
8968,2
8969,0
8970,0
8971,0
8972,2
8973,0
8974,0
8975,0
8976,2
8977,0
8978,0
8979,0
8980,0
8981,0
8982,0
8983,2
8984,0
8985,0
8986,2
8987,0
8988,0
8989,0
8990,0
8991,0
8992,0
8993,0
8994,0
8995,0
8996,0
8997,0
8998,2
8999,0
9000,2
9001,0
9002,0
9003,0
9004,0
9005,2
9006,2
9007,0
9008,0
9009,0
9010,2
9011,0
9012,0
9013,0
9014,0
9015,0
9016,2
9017,0
9018,0
9019,0
9020,0
9021,2
9022,2
9023,0
9024,2
9025,0
9026,0
9027,0
9028,0
9029,0
9030,0
9031,0
9032,0
9033,2
9034,0
9035,0
9036,0
9037,0
9038,0
9039,0
9040,0
9041,0
9042,0
9043,0
9044,2
9045,0
9046,0
9047,0
9048,0
9049,0
9050,0
9051,2
9052,2
9053,0
9054,0
9055,0
9056,2
9057,2
9058,0
9059,0
9060,0
9061,2
9062,0
9063,0
9064,0
9065,0
9066,0
9067,0
9068,0
9069,0
9070,2
9071,2
9072,0
9073,0
9074,0
9075,0
9076,0
9077,0
9078,0
9079,0
9080,0
9081,0
9082,0
9083,0
9084,0
9085,0
9086,0
9087,0
9088,0
9089,0
9090,0
9091,0
9092,0
9093,0
9094,0
9095,0
9096,0
9097,0
9098,0
9099,2
9100,0
9101,0
9102,0
9103,0
9104,2
9105,1
9106,0
9107,0
9108,0
9109,0
9110,0
9111,0
9112,0
9113,2
9114,2
9115,0
9116,2
9117,0
9118,2
9119,0
9120,0
9121,0
9122,0
9123,0
9124,0
9125,0
9126,2
9127,0
9128,0
9129,0
9130,0
9131,0
9132,0
9133,0
9134,0
9135,0
9136,0
9137,0
9138,0
9139,0
9140,0
9141,0
9142,0
9143,0
9144,0
9145,0
9146,0
9147,0
9148,0
9149,0
9150,2
9151,0
9152,0
9153,0
9154,2
9155,0
9156,0
9157,0
9158,0
9159,0
9160,0
9161,0
9162,0
9163,0
9164,0
9165,2
9166,0
9167,0
9168,0
9169,2
9170,0
9171,2
9172,0
9173,0
9174,0
9175,0
9176,2
9177,0
9178,0
9179,0
9180,2
9181,0
9182,0
9183,0
9184,0
9185,0
9186,0
9187,0
9188,0
9189,2
9190,0
9191,0
9192,0
9193,2
9194,0
9195,0
9196,0
9197,2
9198,0
9199,0
9200,0
9201,0
9202,0
9203,0
9204,0
9205,0
9206,0
9207,0
9208,2
9209,0
9210,0
9211,0
9212,0
9213,0
9214,0
9215,0
9216,0
9217,0
9218,0
9219,0
9220,0
9221,0
9222,0
9223,0
9224,0
9225,0
9226,0
9227,0
9228,0
9229,0
9230,2
9231,0
9232,2
9233,0
9234,0
9235,0
9236,2
9237,0
9238,0
9239,0
9240,0
9241,0
9242,0
9243,0
9244,0
9245,0
9246,0
9247,0
9248,0
9249,0
9250,0
9251,0
9252,0
9253,0
9254,0
9255,0
9256,0
9257,0
9258,0
9259,0
9260,0
9261,0
9262,0
9263,0
9264,0
9265,0
9266,0
9267,2
9268,0
9269,0
9270,0
9271,2
9272,0
9273,0
9274,0
9275,0
9276,2
9277,0
9278,2
9279,0
9280,0
9281,2
9282,0
9283,2
9284,0
9285,0
9286,0
9287,0
9288,0
9289,0
9290,0
9291,0
9292,0
9293,0
9294,0
9295,0
9296,0
9297,0
9298,0
9299,2
9300,0
9301,0
9302,2
9303,0
9304,0
9305,0
9306,0
9307,0
9308,0
9309,0
9310,2
9311,2
9312,0
9313,0
9314,0
9315,0
9316,0
9317,0
9318,0
9319,0
9320,0
9321,0
9322,0
9323,0
9324,0
9325,0
9326,0
9327,0
9328,0
9329,0
9330,0
9331,0
9332,0
9333,0
9334,0
9335,0
9336,0
9337,0
9338,0
9339,0
9340,0
9341,2
9342,0
9343,2
9344,0
9345,0
9346,0
9347,0
9348,0
9349,0
9350,0
9351,0
9352,2
9353,0
9354,2
9355,0
9356,0
9357,0
9358,0
9359,0
9360,0
9361,0
9362,2
9363,0
9364,0
9365,0
9366,2
9367,0
9368,0
9369,2
9370,0
9371,0
9372,0
9373,0
9374,0
9375,0
9376,0
9377,0
9378,0
9379,0
9380,2
9381,0
9382,0
9383,2
9384,0
9385,2
9386,0
9387,0
9388,0
9389,0
9390,0
9391,0
9392,0
9393,0
9394,0
9395,2
9396,0
9397,0
9398,2
9399,2
9400,2
9401,2
9402,2
9403,0
9404,0
9405,2
9406,2
9407,0
9408,0
9409,2
9410,0
9411,2
9412,2
9413,0
9414,0
9415,0
9416,2
9417,2
9418,2
9419,0
9420,0
9421,2
9422,2
9423,2
9424,2
9425,2
9426,2
9427,2
9428,0
9429,2
9430,2
9431,2
9432,0
9433,2
9434,0
9435,0
9436,0
9437,2
9438,0
9439,0
9440,2
9441,2
9442,0
9443,0
9444,2
9445,2
9446,0
9447,0
9448,2
9449,0
9450,2
9451,2
9452,0
9453,1
9454,2
9455,0
9456,2
9457,0
9458,2
9459,2
9460,0
9461,2
9462,2
9463,2
9464,2
9465,2
9466,2
9467,2
9468,0
9469,2
9470,2
9471,0
9472,0
9473,0
9474,2
9475,0
9476,0
9477,2
9478,2
9479,0
9480,2
9481,0
9482,2
9483,2
9484,2
9485,0
9486,0
9487,0
9488,2
9489,0
9490,2
9491,0
9492,0
9493,2
9494,2
9495,0
9496,0
9497,2
9498,0
9499,0
9500,1
9501,0
9502,2
9503,0
9504,0
9505,2
9506,0
9507,0
9508,0
9509,0
9510,2
9511,0
9512,2
9513,0
9514,0
9515,0
9516,0
9517,0
9518,2
9519,2
9520,2
9521,2
9522,0
9523,0
9524,2
9525,2
9526,2
9527,0
9528,0
9529,0
9530,2
9531,2
9532,0
9533,2
9534,0
9535,0
9536,0
9537,2
9538,2
9539,0
9540,2
9541,0
9542,0
9543,0
9544,0
9545,2
9546,0
9547,0
9548,0
9549,2
9550,0
9551,0
9552,0
9553,0
9554,0
9555,0
9556,2
9557,0
9558,2
9559,0
9560,2
9561,0
9562,0
9563,0
9564,2
9565,2
9566,0
9567,0
9568,0
9569,0
9570,2
9571,0
9572,0
9573,0
9574,0
9575,1
9576,0
9577,2
9578,0
9579,0
9580,0
9581,0
9582,2
9583,2
9584,0
9585,0
9586,0
9587,2
9588,0
9589,0
9590,2
9591,2
9592,0
9593,0
9594,0
9595,0
9596,0
9597,0
9598,2
9599,2
9600,0
9601,0
9602,0
9603,2
9604,0
9605,0
9606,0
9607,2
9608,0
9609,2
9610,0
9611,0
9612,0
9613,0
9614,0
9615,0
9616,0
9617,2
9618,0
9619,0
9620,2
9621,0
9622,2
9623,0
9624,2
9625,2
9626,2
9627,0
9628,2
9629,0
9630,0
9631,0
9632,2
9633,0
9634,0
9635,0
9636,2
9637,0
9638,0
9639,0
9640,0
9641,0
9642,0
9643,0
9644,0
9645,0
9646,2
9647,2
9648,0
9649,0
9650,0
9651,2
9652,0
9653,2
9654,0
9655,0
9656,2
9657,2
9658,0
9659,0
9660,0
9661,0
9662,0
9663,2
9664,0
9665,2
9666,0
9667,2
9668,2
9669,0
9670,2
9671,0
9672,0
9673,0
9674,0
9675,0
9676,2
9677,2
9678,0
9679,0
9680,0
9681,0
9682,0
9683,2
9684,0
9685,2
9686,0
9687,2
9688,2
9689,0
9690,0
9691,2
9692,0
9693,0
9694,0
9695,0
9696,0
9697,2
9698,0
9699,2
9700,0
9701,2
9702,0
9703,0
9704,2
9705,0
9706,0
9707,0
9708,2
9709,2
9710,0
9711,0
9712,0
9713,2
9714,0
9715,0
9716,0
9717,2
9718,0
9719,0
9720,0
9721,2
9722,0
9723,0
9724,0
9725,0
9726,0
9727,0
9728,2
9729,0
9730,0
9731,0
9732,0
9733,2
9734,0
9735,2
9736,0
9737,2
9738,0
9739,0
9740,0
9741,0
9742,0
9743,0
9744,0
9745,0
9746,0
9747,0
9748,2
9749,0
9750,0
9751,0
9752,0
9753,2
9754,0
9755,2
9756,2
9757,0
9758,2
9759,0
9760,0
9761,0
9762,2
9763,0
9764,0
9765,0
9766,0
9767,0
9768,2
9769,0
9770,0
9771,2
9772,2
9773,0
9774,0
9775,0
9776,2
9777,2
9778,0
9779,0
9780,0
9781,2
9782,0
9783,0
9784,0
9785,0
9786,2
9787,0
9788,2
9789,0
9790,2
9791,0
9792,0
9793,0
9794,0
9795,2
9796,0
9797,0
9798,0
9799,2
9800,0
9801,0
9802,0
9803,0
9804,0
9805,0
9806,0
9807,0
9808,0
9809,0
9810,2
9811,0
9812,0
9813,0
9814,2
9815,2
9816,0
9817,0
9818,2
9819,0
9820,2
9821,0
9822,2
9823,2
9824,0
9825,0
9826,0
9827,0
9828,2
9829,0
9830,0
9831,2
9832,0
9833,2
9834,0
9835,2
9836,0
9837,2
9838,0
9839,0
9840,0
9841,0
9842,0
9843,0
9844,0
9845,0
9846,0
9847,2
9848,0
9849,2
9850,1
9851,0
9852,0
9853,0
9854,0
9855,2
9856,0
9857,0
9858,0
9859,0
9860,2
9861,2
9862,0
9863,0
9864,0
9865,0
9866,2
9867,0
9868,0
9869,2
9870,0
9871,2
9872,2
9873,0
9874,0
9875,0
9876,0
9877,0
9878,2
9879,2
9880,0
9881,0
9882,2
9883,2
9884,2
9885,0
9886,0
9887,2
9888,0
9889,0
9890,2
9891,0
9892,0
9893,0
9894,2
9895,0
9896,0
9897,2
9898,0
9899,0
9900,2
9901,2
9902,2
9903,0
9904,0
9905,0
9906,0
9907,2
9908,0
9909,0
9910,0
9911,0
9912,0
9913,0
9914,2
9915,0
9916,1
9917,2
9918,0
9919,2
9920,0
9921,2
9922,2
9923,0
9924,2
9925,0
9926,0
9927,2
9928,2
9929,0
9930,0
9931,0
9932,0
9933,0
9934,0
9935,0
9936,2
9937,0
9938,0
9939,0
9940,2
9941,0
9942,0
9943,0
9944,2
9945,0
9946,2
9947,2
9948,0
9949,2
9950,0
9951,0
9952,0
9953,2
9954,2
9955,0
9956,0
9957,0
9958,2
9959,0
9960,0
9961,0
9962,2
9963,2
9964,2
9965,2
9966,0
9967,0
9968,0
9969,0
9970,2
9971,2
9972,0
9973,0
9974,0
9975,0
9976,0
9977,0
9978,0
9979,0
9980,0
9981,2
9982,0
9983,2
9984,0
9985,2
9986,0
9987,0
9988,0
9989,0
9990,0
9991,0
9992,0
9993,2
9994,0
9995,0
9996,0
9997,2
9998,0
9999,2
10000,2
10001,2
10002,2
10003,0
10004,0
10005,0
10006,0
10007,2
10008,0
10009,0
10010,2
10011,2
10012,2
10013,0
10014,0
10015,0
10016,2
10017,0
10018,0
10019,2
10020,2
10021,2
10022,0
10023,0
10024,0
10025,0
10026,0
10027,0
10028,2
10029,2
10030,0
10031,2
10032,0
10033,0
10034,0
10035,2
10036,2
10037,2
10038,2
10039,0
10040,2
10041,1
10042,0
10043,0
10044,0
10045,0
10046,0
10047,0
10048,0
10049,0
10050,0
10051,0
10052,0
10053,0
10054,2
10055,0
10056,2
10057,2
10058,0
10059,0
10060,0
10061,0
10062,0
10063,0
10064,0
10065,0
10066,0
10067,2
10068,0
10069,0
10070,2
10071,0
10072,2
10073,0
10074,0
10075,0
10076,0
10077,0
10078,2
10079,0
10080,0
10081,0
10082,0
10083,0
10084,2
10085,0
10086,2
10087,0
10088,2
10089,0
10090,0
10091,0
10092,0
10093,0
10094,2
10095,0
10096,0
10097,2
10098,0
10099,0
10100,0
10101,0
10102,2
10103,0
10104,0
10105,0
10106,2
10107,2
10108,0
10109,0
10110,0
10111,2
10112,0
10113,2
10114,0
10115,2
10116,2
10117,0
10118,0
10119,0
10120,0
10121,0
10122,0
10123,2
10124,0
10125,0
10126,2
10127,2
10128,0
10129,0
10130,0
10131,0
10132,2
10133,2
10134,0
10135,0
10136,0
10137,0
10138,2
10139,0
10140,0
10141,0
10142,0
10143,0
10144,1
10145,0
10146,2
10147,0
10148,0
10149,0
10150,0
10151,0
10152,0
10153,0
10154,0
10155,0
10156,0
10157,2
10158,2
10159,2
10160,0
10161,2
10162,2
10163,2
10164,2
10165,0
10166,0
10167,0
10168,2
10169,2
10170,0
10171,2
10172,0
10173,0
10174,0
10175,0
10176,0
10177,0
10178,0
10179,0
10180,2
10181,2
10182,2
10183,0
10184,0
10185,2
10186,0
10187,2
10188,0
10189,0
10190,2
10191,2
10192,2
10193,0
10194,2
10195,0
10196,0
10197,2
10198,2
10199,2
10200,0
10201,2
10202,2
10203,2
10204,0
10205,0
10206,0
10207,0
10208,0
10209,0
10210,0
10211,0
10212,0
10213,0
10214,2
10215,0
10216,2
10217,0
10218,0
10219,2
10220,2
10221,0
10222,0
10223,0
10224,0
10225,0
10226,2
10227,2
10228,0
10229,0
10230,2
10231,2
10232,0
10233,0
10234,0
10235,2
10236,0
10237,0
10238,0
10239,2
10240,2
10241,0
10242,0
10243,0
10244,0
10245,0
10246,0
10247,0
10248,0
10249,0
10250,0
10251,0
10252,0
10253,0
10254,0
10255,0
10256,0
10257,0
10258,0
10259,0
10260,0
10261,0
10262,0
10263,2
10264,0
10265,0
10266,2
10267,0
10268,0
10269,2
10270,0
10271,0
10272,0
10273,0
10274,0
10275,0
10276,2
10277,0
10278,0
10279,0
10280,0
10281,2
10282,0
10283,0
10284,0
10285,0
10286,0
10287,0
10288,0
10289,0
10290,2
10291,2
10292,0
10293,0
10294,0
10295,0
10296,0
10297,0
10298,0
10299,2
10300,0
10301,2
10302,0
10303,2
10304,0
10305,2
10306,0
10307,0
10308,2
10309,2
10310,0
10311,0
10312,2
10313,0
10314,2
10315,0
10316,0
10317,0
10318,0
10319,0
10320,0
10321,0
10322,0
10323,2
10324,0
10325,0
10326,2
10327,0
10328,0
10329,0
10330,2
10331,2
10332,0
10333,0
10334,0
10335,2
10336,0
10337,0
10338,2
10339,0
10340,0
10341,0
10342,2
10343,0
10344,2
10345,0
10346,0
10347,0
10348,2
10349,2
10350,2
10351,0
10352,0
10353,2
10354,2
10355,0
10356,0
10357,2
10358,0
10359,0
10360,0
10361,0
10362,2
10363,0
10364,0
10365,2
10366,0
10367,0
10368,0
10369,2
10370,2
10371,0
10372,0
10373,0
10374,2
10375,0
10376,0
10377,2
10378,2
10379,0
10380,0
10381,0
10382,2
10383,0
10384,2
10385,0
10386,2
10387,0
10388,0
10389,2
10390,0
10391,2
10392,0
10393,2
10394,0
10395,2
10396,0
10397,0
10398,0
10399,0
10400,0
10401,2
10402,2
10403,0
10404,0
10405,2
10406,2
10407,0
10408,0
10409,0
10410,0
10411,0
10412,2
10413,0
10414,2
10415,2
10416,2
10417,0
10418,0
10419,2
10420,0
10421,0
10422,0
10423,0
10424,0
10425,2
10426,0
10427,0
10428,2
10429,0
10430,0
10431,2
10432,0
10433,0
10434,2
10435,0
10436,0
10437,0
10438,2
10439,2
10440,0
10441,0
10442,0
10443,0
10444,0
10445,0
10446,0
10447,2
10448,0
10449,0
10450,0
10451,2
10452,0
10453,0
10454,0
10455,2
10456,0
10457,0
10458,2
10459,0
10460,0
10461,2
10462,0
10463,0
10464,0
10465,0
10466,0
10467,2
10468,0
10469,0
10470,0
10471,0
10472,0
10473,0
10474,0
10475,0
10476,0
10477,0
10478,0
10479,2
10480,0
10481,0
10482,2
10483,0
10484,2
10485,2
10486,0
10487,0
10488,0
10489,2
10490,0
10491,0
10492,0
10493,2
10494,0
10495,0
10496,0
10497,0
10498,2
10499,2
10500,0
10501,0
10502,0
10503,0
10504,0
10505,0
10506,0
10507,0
10508,0
10509,0
10510,0
10511,0
10512,0
10513,0
10514,0
10515,2
10516,2
10517,0
10518,0
10519,2
10520,0
10521,0
10522,0
10523,0
10524,0
10525,0
10526,0
10527,0
10528,0
10529,0
10530,0
10531,2
10532,0
10533,0
10534,0
10535,0
10536,0
10537,0
10538,0
10539,2
10540,0
10541,0
10542,0
10543,2
10544,0
10545,0
10546,0
10547,0
10548,0
10549,0
10550,0
10551,0
10552,0
10553,0
10554,0
10555,0
10556,0
10557,0
10558,0
10559,0
10560,0
10561,0
10562,0
10563,0
10564,0
10565,0
10566,0
10567,0
10568,2
10569,0
10570,0
10571,2
10572,0
10573,0
10574,0
10575,0
10576,0
10577,0
10578,0
10579,0
10580,0
10581,0
10582,0
10583,2
10584,0
10585,0
10586,2
10587,0
10588,0
10589,0
10590,0
10591,0
10592,0
10593,2
10594,0
10595,0
10596,2
10597,0
10598,0
10599,0
10600,0
10601,0
10602,0
10603,0
10604,2
10605,2
10606,0
10607,0
10608,0
10609,0
10610,2
10611,0
10612,0
10613,0
10614,2
10615,0
10616,0
10617,0
10618,2
10619,0
10620,0
10621,0
10622,0
10623,0
10624,0
10625,0
10626,0
10627,0
10628,0
10629,0
10630,0
10631,0
10632,0
10633,0
10634,0
10635,0
10636,2
10637,0
10638,0
10639,0
10640,0
10641,0
10642,0
10643,0
10644,0
10645,0
10646,0
10647,2
10648,2
10649,2
10650,0
10651,0
10652,0
10653,0
10654,0
10655,0
10656,0
10657,0
10658,0
10659,0
10660,2
10661,0
10662,0
10663,0
10664,0
10665,0
10666,0
10667,0
10668,2
10669,2
10670,2
10671,2
10672,0
10673,0
10674,0
10675,2
10676,0
10677,2
10678,0
10679,2
10680,0
10681,0
10682,0
10683,0
10684,2
10685,0
10686,0
10687,0
10688,0
10689,2
10690,0
10691,0
10692,2
10693,0
10694,0
10695,2
10696,2
10697,0
10698,2
10699,0
10700,2
10701,0
10702,0
10703,2
10704,0
10705,0
10706,0
10707,0
10708,0
10709,2
10710,0
10711,2
10712,2
10713,0
10714,2
10715,0
10716,0
10717,2
10718,0
10719,0
10720,0
10721,0
10722,2
10723,0
10724,2
10725,0
10726,0
10727,0
10728,0
10729,0
10730,0
10731,0
10732,0
10733,0
10734,2
10735,0
10736,0
10737,0
10738,0
10739,0
10740,0
10741,0
10742,0
10743,0
10744,2
10745,0
10746,0
10747,0
10748,0
10749,2
10750,0
10751,0
10752,0
10753,0
10754,2
10755,0
10756,0
10757,2
10758,0
10759,2
10760,0
10761,0
10762,2
10763,2
10764,0
10765,2
10766,0
10767,0
10768,0
10769,0
10770,2
10771,0
10772,2
10773,1
10774,0
10775,2
10776,0
10777,0
10778,0
10779,2
10780,0
10781,2
10782,2
10783,0
10784,0
10785,0
10786,0
10787,0
10788,0
10789,0
10790,0
10791,0
10792,0
10793,0
10794,2
10795,2
10796,0
10797,0
10798,0
10799,0
10800,0
10801,0
10802,0
10803,0
10804,2
10805,0
10806,0
10807,0
10808,0
10809,2
10810,2
10811,2
10812,0
10813,0
10814,1
10815,0
10816,0
10817,0
10818,0
10819,0
10820,0
10821,0
10822,0
10823,0
10824,2
10825,0
10826,2
10827,0
10828,2
10829,2
10830,2
10831,0
10832,0
10833,0
10834,0
10835,0
10836,2
10837,0
10838,2
10839,0
10840,2
10841,0
10842,2
10843,0
10844,2
10845,0
10846,0
10847,2
10848,2
10849,0
10850,2
10851,2
10852,0
10853,2
10854,2
10855,0
10856,0
10857,0
10858,0
10859,0
10860,0
10861,2
10862,2
10863,0
10864,0
10865,0
10866,0
10867,2
10868,2
10869,0
10870,0
10871,0
10872,2
10873,2
10874,0
10875,0
10876,2
10877,2
10878,0
10879,0
10880,0
10881,0
10882,0
10883,2
10884,0
10885,2
10886,0
10887,2
10888,2
10889,2
10890,0
10891,0
10892,0
10893,2
10894,0
10895,0
10896,2
10897,0
10898,2
10899,2
10900,0
10901,0
10902,0
10903,0
10904,0
10905,0
10906,0
10907,2
10908,2
10909,2
10910,2
10911,0
10912,2
10913,0
10914,0
10915,2
10916,2
10917,0
10918,0
10919,2
10920,0
10921,2
10922,2
10923,2
10924,0
10925,0
10926,0
10927,2
10928,0
10929,0
10930,2
10931,0
10932,0
10933,2
10934,0
10935,2
10936,0
10937,0
10938,2
10939,0
10940,0
10941,2
10942,0
10943,0
10944,0
10945,0
10946,0
10947,2
10948,0
10949,0
10950,2
10951,2
10952,0
10953,0
10954,2
10955,0
10956,0
10957,2
10958,0
10959,0
10960,2
10961,2
10962,2
10963,0
10964,0
10965,0
10966,0
10967,2
10968,0
10969,2
10970,0
10971,0
10972,0
10973,0
10974,0
10975,2
10976,0
10977,2
10978,0
10979,0
10980,2
10981,0
10982,2
10983,2
10984,0
10985,2
10986,0
10987,0
10988,0
10989,0
10990,0
10991,2
10992,2
10993,0
10994,0
10995,2
10996,0
10997,0
10998,2
10999,2
11000,2
11001,0
11002,2
11003,2
11004,0
11005,2
11006,0
11007,2
11008,0
11009,2
11010,0
11011,0
11012,2
11013,0
11014,0
11015,0
11016,0
11017,0
11018,0
11019,0
11020,0
11021,0
11022,2
11023,0
11024,2
11025,0
11026,0
11027,0
11028,0
11029,0
11030,0
11031,2
11032,0
11033,0
11034,0
11035,0
11036,2
11037,2
11038,0
11039,2
11040,2
11041,2
11042,2
11043,2
11044,2
11045,2
11046,2
11047,0
11048,0
11049,2
11050,0
11051,0
11052,0
11053,2
11054,0
11055,0
11056,2
11057,0
11058,0
11059,0
11060,0
11061,0
11062,0
11063,1
11064,2
11065,2
11066,2
11067,2
11068,2
11069,0
11070,2
11071,0
11072,0
11073,0
11074,0
11075,0
11076,0
11077,0
11078,0
11079,0
11080,2
11081,0
11082,2
11083,2
11084,0
11085,0
11086,2
11087,2
11088,2
11089,2
11090,2
11091,2
11092,2
11093,2
11094,0
11095,0
11096,2
11097,0
11098,0
11099,0
11100,0
11101,0
11102,0
11103,2
11104,0
11105,0
11106,0
11107,2
11108,0
11109,0
11110,2
11111,0
11112,0
11113,2
11114,0
11115,0
11116,0
11117,0
11118,0
11119,2
11120,2
11121,2
11122,0
11123,2
11124,0
11125,2
11126,0
11127,2
11128,0
11129,0
11130,2
11131,0
11132,0
11133,0
11134,0
11135,2
11136,0
11137,0
11138,2
11139,0
11140,2
11141,2
11142,2
11143,0
11144,2
11145,0
11146,0
11147,0
11148,2
11149,2
11150,2
11151,2
11152,2
11153,0
11154,0
11155,0
11156,0
11157,0
11158,2
11159,2
11160,0
11161,2
11162,2
11163,0
11164,0
11165,0
11166,0
11167,0
11168,0
11169,2
11170,0
11171,0
11172,0
11173,1
11174,0
11175,2
11176,2
11177,0
11178,0
11179,0
11180,0
11181,0
11182,2
11183,0
11184,0
11185,0
11186,2
11187,0
11188,0
11189,0
11190,0
11191,2
11192,0
11193,2
11194,0
11195,0
11196,0
11197,0
11198,2
11199,0
11200,2
11201,0
11202,0
11203,2
11204,2
11205,0
11206,2
11207,0
11208,0
11209,0
11210,2
11211,2
11212,0
11213,2
11214,0
11215,0
11216,0
11217,2
11218,0
11219,2
11220,2
11221,2
11222,0
11223,2
11224,2
11225,0
11226,0
11227,0
11228,2
11229,2
11230,0
11231,2
11232,2
11233,0
11234,0
11235,0
11236,0
11237,2
11238,0
11239,2
11240,2
11241,2
11242,0
11243,2
11244,2
11245,0
11246,0
11247,0
11248,2
11249,0
11250,2
11251,0
11252,0
11253,2
11254,0
11255,0
11256,2
11257,0
11258,0
11259,0
11260,2
11261,0
11262,0
11263,2
11264,0
11265,2
11266,2
11267,0
11268,0
11269,2
11270,0
11271,0
11272,1
11273,0
11274,0
11275,2
11276,2
11277,2
11278,2
11279,2
11280,2
11281,0
11282,2
11283,0
11284,2
11285,2
11286,0
11287,0
11288,0
11289,2
11290,0
11291,2
11292,2
11293,2
11294,2
11295,2
11296,2
11297,0
11298,0
11299,0
11300,2
11301,0
11302,0
11303,2
11304,0
11305,0
11306,0
11307,2
11308,0
11309,0
11310,0
11311,0
11312,0
11313,2
11314,2
11315,0
11316,0
11317,0
11318,2
11319,0
11320,2
11321,0
11322,0
11323,0
11324,0
11325,2
11326,2
11327,0
11328,2
11329,0
11330,0
11331,0
11332,0
11333,0
11334,0
11335,0
11336,0
11337,2
11338,0
11339,0
11340,0
11341,0
11342,0
11343,0
11344,0
11345,0
11346,0
11347,2
11348,0
11349,0
11350,0
11351,0
11352,0
11353,0
11354,0
11355,2
11356,0
11357,0
11358,0
11359,2
11360,0
11361,0
11362,0
11363,0
11364,0
11365,0
11366,0
11367,0
11368,0
11369,0
11370,2
11371,0
11372,0
11373,0
11374,0
11375,2
11376,2
11377,0
11378,0
11379,0
11380,0
11381,2
11382,0
11383,0
11384,0
11385,0
11386,2
11387,0
11388,2
11389,0
11390,0
11391,0
11392,2
11393,0
11394,0
11395,0
11396,0
11397,0
11398,0
11399,2
11400,0
11401,0
11402,0
11403,0
11404,2
11405,0
11406,0
11407,2
11408,0
11409,0
11410,2
11411,0
11412,0
11413,0
11414,0
11415,0
11416,2
11417,0
11418,0
11419,0
11420,0
11421,0
11422,0
11423,0
11424,0
11425,0
11426,0
11427,0
11428,2
11429,0
11430,2
11431,0
11432,0
11433,0
11434,0
11435,0
11436,0
11437,2
11438,0
11439,0
11440,0
11441,0
11442,2
11443,0
11444,0
11445,0
11446,0
11447,0
11448,0
11449,2
11450,0
11451,0
11452,0
11453,0
11454,0
11455,0
11456,2
11457,0
11458,0
11459,0
11460,0
11461,2
11462,0
11463,0
11464,0
11465,0
11466,0
11467,0
11468,0
11469,0
11470,0
11471,0
11472,0
11473,0
11474,0
11475,0
11476,0
11477,0
11478,0
11479,2
11480,0
11481,0
11482,0
11483,0
11484,0
11485,0
11486,0
11487,0
11488,0
11489,0
11490,2
11491,0
11492,0
11493,0
11494,0
11495,0
11496,0
11497,0
11498,0
11499,2
11500,0
11501,0
11502,0
11503,2
11504,0
11505,0
11506,0
11507,2
11508,0
11509,0
11510,2
11511,0
11512,0
11513,0
11514,0
11515,0
11516,0
11517,2
11518,2
11519,0
11520,0
11521,0
11522,2
11523,2
11524,0
11525,0
11526,0
11527,0
11528,0
11529,0
11530,2
11531,0
11532,0
11533,0
11534,0
11535,2
11536,2
11537,0
11538,0
11539,2
11540,2
11541,0
11542,0
11543,0
11544,0
11545,0
11546,2
11547,2
11548,0
11549,0
11550,2
11551,0
11552,0
11553,0
11554,0
11555,0
11556,0
11557,0
11558,0
11559,0
11560,2
11561,0
11562,0
11563,0
11564,0
11565,0
11566,0
11567,0
11568,0
11569,2
11570,2
11571,2
11572,0
11573,0
11574,0
11575,0
11576,0
11577,0
11578,0
11579,0
11580,0
11581,2
11582,2
11583,2
11584,0
11585,0
11586,0
11587,0
11588,0
11589,0
11590,0
11591,0
11592,2
11593,0
11594,0
11595,2
11596,0
11597,2
11598,0
11599,2
11600,2
11601,0
11602,0
11603,0
11604,2
11605,0
11606,0
11607,0
11608,0
11609,0
11610,0
11611,0
11612,0
11613,2
11614,0
11615,0
11616,0
11617,0
11618,0
11619,0
11620,0
11621,0
11622,0
11623,0
11624,0
11625,0
11626,0
11627,0
11628,0
11629,1
11630,1
11631,0
11632,2
11633,0
11634,0
11635,0
11636,0
11637,0
11638,0
11639,0
11640,0
11641,0
11642,0
11643,0
11644,0
11645,0
11646,0
11647,0
11648,0
11649,0
11650,0
11651,0
11652,0
11653,0
11654,0
11655,0
11656,2
11657,0
11658,2
11659,0
11660,0
11661,0
11662,0
11663,0
11664,0
11665,0
11666,0
11667,0
11668,0
11669,0
11670,0
11671,2
11672,0
11673,0
11674,0
11675,0
11676,0
11677,0
11678,2
11679,0
11680,0
11681,0
11682,0
11683,0
11684,0
11685,0
11686,0
11687,2
11688,0
11689,0
11690,0
11691,0
11692,0
11693,0
11694,0
11695,0
11696,0
11697,0
11698,0
11699,0
11700,0
11701,0
11702,0
11703,0
11704,0
11705,0
11706,2
11707,0
11708,0
11709,0
11710,0
11711,0
11712,0
11713,0
11714,0
11715,0
11716,0
11717,0
11718,0
11719,0
11720,0
11721,2
11722,0
11723,2
11724,0
11725,0
11726,2
11727,0
11728,0
11729,2
11730,2
11731,0
11732,0
11733,0
11734,0
11735,0
11736,0
11737,0
11738,0
11739,0
11740,0
11741,0
11742,0
11743,0
11744,0
11745,0
11746,0
11747,0
11748,0
11749,0
11750,0
11751,0
11752,0
11753,0
11754,0
11755,0
11756,0
11757,0
11758,0
11759,0
11760,0
11761,0
11762,0
11763,0
11764,0
11765,0
11766,0
11767,0
11768,0
11769,0
11770,0
11771,0
11772,0
11773,0
11774,0
11775,2
11776,2
11777,0
11778,2
11779,2
11780,2
11781,2
11782,2
11783,2
11784,0
11785,2
11786,2
11787,2
11788,2
11789,2
11790,2
11791,2
11792,2
11793,2
11794,2
11795,2
11796,2
11797,2
11798,2
11799,2
11800,2
11801,2
11802,0
11803,2
11804,2
11805,2
11806,2
11807,2
11808,1
11809,0
11810,2
11811,2
11812,2
11813,0
11814,2
11815,0
11816,2
11817,2
11818,2
11819,2
11820,2
11821,0
11822,2
11823,2
11824,2
11825,2
11826,2
11827,2
11828,2
11829,0
11830,0
11831,2
11832,2
11833,0
11834,0
11835,0
11836,2
11837,2
11838,2
11839,2
11840,0
11841,0
11842,2
11843,0
11844,0
11845,0
11846,2
11847,2
11848,2
11849,2
11850,0
11851,0
11852,2
11853,2
11854,0
11855,2
11856,2
11857,0
11858,0
11859,2
11860,2
11861,2
11862,2
11863,0
11864,2
11865,0
11866,2
11867,2
11868,2
11869,0
11870,2
11871,2
11872,0
11873,0
11874,2
11875,2
11876,2
11877,2
11878,2
11879,2
11880,2
11881,0
11882,2
11883,2
11884,0
11885,2
11886,0
11887,2
11888,0
11889,0
11890,2
11891,2
11892,0
11893,0
11894,2
11895,2
11896,2
11897,2
11898,2
11899,0
11900,0
11901,0
11902,0
11903,2
11904,0
11905,2
11906,0
11907,2
11908,2
11909,2
11910,2
11911,2
11912,0
11913,2
11914,2
11915,2
11916,0
11917,2
11918,0
11919,0
11920,2
11921,2
11922,2
11923,0
11924,0
11925,0
11926,0
11927,2
11928,0
11929,0
11930,0
11931,2
11932,2
11933,2
11934,2
11935,2
11936,2
11937,2
11938,0
11939,2
11940,2
11941,0
11942,0
11943,0
11944,2
11945,0
11946,0
11947,0
11948,0
11949,2
11950,2
11951,2
11952,2
11953,2
11954,2
11955,2
11956,0
11957,2
11958,2
11959,0
11960,2
11961,2
11962,2
11963,2
11964,2
11965,0
11966,0
11967,2
11968,0
11969,2
11970,2
11971,0
11972,2
11973,0
11974,0
11975,0
11976,2
11977,2
11978,2
11979,0
11980,0
11981,2
11982,2
11983,0
11984,0
11985,0
11986,2
11987,2
11988,2
11989,2
11990,2
11991,0
11992,2
11993,0
11994,2
11995,2
11996,2
11997,2
11998,2
11999,2
12000,2
12001,2
12002,2
12003,0
12004,2
12005,0
12006,2
12007,0
12008,2
12009,0
12010,0
12011,1
12012,0
12013,2
12014,0
12015,2
12016,0
12017,0
12018,0
12019,2
12020,2
12021,0
12022,0
12023,0
12024,0
12025,0
12026,2
12027,0
12028,0
12029,0
12030,2
12031,2
12032,0
12033,2
12034,0
12035,2
12036,0
12037,2
12038,2
12039,2
12040,2
12041,0
12042,2
12043,0
12044,0
12045,0
12046,2
12047,2
12048,2
12049,2
12050,0
12051,2
12052,2
12053,2
12054,0
12055,0
12056,2
12057,2
12058,0
12059,0
12060,2
12061,2
12062,2
12063,2
12064,0
12065,2
12066,2
12067,0
12068,0
12069,2
12070,2
12071,2
12072,2
12073,0
12074,2
12075,2
12076,2
12077,0
12078,0
12079,2
12080,2
12081,2
12082,2
12083,0
12084,0
12085,2
12086,2
12087,2
12088,0
12089,2
12090,2
12091,0
12092,0
12093,2
12094,0
12095,2
12096,0
12097,2
12098,2
12099,2
12100,2
12101,2
12102,0
12103,2
12104,2
12105,2
12106,0
12107,0
12108,2
12109,2
12110,0
12111,2
12112,2
12113,2
12114,2
12115,2
12116,2
12117,2
12118,0
12119,2
12120,2
12121,2
12122,2
12123,2
12124,2
12125,2
12126,2
12127,2
12128,0
12129,2
12130,2
12131,2
12132,0
12133,2
12134,0
12135,2
12136,2
12137,0
12138,0
12139,0
12140,2
12141,2
12142,2
12143,0
12144,2
12145,2
12146,0
12147,0
12148,2
12149,2
12150,2
12151,2
12152,2
12153,2
12154,2
12155,0
12156,0
12157,0
12158,2
12159,0
12160,0
12161,0
12162,0
12163,2
12164,0
12165,2
12166,2
12167,0
12168,2
12169,0
12170,0
12171,2
12172,2
12173,2
12174,0
12175,0
12176,2
12177,2
12178,2
12179,0
12180,0
12181,0
12182,0
12183,2
12184,2
12185,2
12186,2
12187,0
12188,2
12189,2
12190,2
12191,0
12192,0
12193,0
12194,0
12195,0
12196,2
12197,2
12198,2
12199,2
12200,0
12201,0
12202,2
12203,2
12204,2
12205,2
12206,2
12207,2
12208,2
12209,2
12210,0
12211,2
12212,2
12213,2
12214,2
12215,2
12216,0
12217,2
12218,2
12219,2
12220,2
12221,0
12222,1
12223,2
12224,2
12225,0
12226,0
12227,2
12228,2
12229,0
12230,2
12231,0
12232,2
12233,2
12234,0
12235,2
12236,2
12237,2
12238,2
12239,2
12240,0
12241,2
12242,2
12243,0
12244,2
12245,2
12246,2
12247,0
12248,0
12249,0
12250,2
12251,0
12252,2
12253,2
12254,0
12255,0
12256,2
12257,2
12258,2
12259,0
12260,2
12261,2
12262,2
12263,0
12264,0
12265,2
12266,2
12267,2
12268,2
12269,0
12270,0
12271,0
12272,0
12273,0
12274,2
12275,2
12276,2
12277,0
12278,0
12279,2
12280,0
12281,2
12282,2
12283,2
12284,0
12285,0
12286,2
12287,2
12288,2
12289,0
12290,0
12291,2
12292,0
12293,2
12294,2
12295,2
12296,0
12297,2
12298,2
12299,0
12300,0
12301,0
12302,0
12303,2
12304,2
12305,2
12306,2
12307,2
12308,2
12309,0
12310,0
12311,2
12312,2
12313,0
12314,2
12315,2
12316,0
12317,2
12318,2
12319,2
12320,0
12321,2
12322,0
12323,2
12324,2
12325,0
12326,2
12327,2
12328,0
12329,2
12330,2
12331,0
12332,2
12333,2
12334,2
12335,2
12336,0
12337,0
12338,2
12339,2
12340,2
12341,2
12342,2
12343,0
12344,2
12345,0
12346,2
12347,2
12348,2
12349,0
12350,2
12351,2
12352,0
12353,0
12354,2
12355,2
12356,2
12357,0
12358,2
12359,0
12360,2
12361,2
12362,2
12363,0
12364,0
12365,2
12366,0
12367,2
12368,2
12369,0
12370,2
12371,0
12372,2
12373,2
12374,2
12375,2
12376,2
12377,0
12378,2
12379,0
12380,0
12381,0
12382,0
12383,2
12384,2
12385,0
12386,0
12387,0
12388,0
12389,2
12390,0
12391,0
12392,0
12393,2
12394,2
12395,0
12396,2
12397,2
12398,2
12399,2
12400,2
12401,0
12402,0
12403,2
12404,2
12405,2
12406,0
12407,0
12408,0
12409,2
12410,2
12411,2
12412,2
12413,0
12414,2
12415,0
12416,2
12417,0
12418,0
12419,2
12420,2
12421,0
12422,0
12423,0
12424,2
12425,2
12426,0
12427,0
12428,0
12429,0
12430,0
12431,2
12432,0
12433,2
12434,2
12435,2
12436,2
12437,2
12438,0
12439,0
12440,2
12441,2
12442,2
12443,2
12444,2
12445,0
12446,0
12447,2
12448,0
12449,2
12450,2
12451,2
12452,2
12453,0
12454,0
12455,0
12456,0
12457,0
12458,2
12459,0
12460,2
12461,2
12462,0
12463,2
12464,0
12465,2
12466,0
12467,2
12468,2
12469,0
12470,2
12471,2
12472,2
12473,0
12474,0
12475,0
12476,2
12477,0
12478,0
12479,0
12480,2
12481,2
12482,0
12483,2
12484,0
12485,0
12486,2
12487,0
12488,2
12489,2
12490,0
12491,0
12492,0
12493,0
12494,2
12495,2
12496,2
12497,0
12498,2
12499,2
12500,2
12501,2
12502,2
12503,0
12504,2
12505,2
12506,2
12507,0
12508,2
12509,2
12510,2
12511,2
12512,0
12513,0
12514,0
12515,0
12516,2
12517,0
12518,2
12519,2
12520,2
12521,0
12522,0
12523,2
12524,0
12525,0
12526,0
12527,2
12528,2
12529,2
12530,0
12531,0
12532,0
12533,2
12534,0
12535,0
12536,0
12537,2
12538,2
12539,0
12540,0
12541,0
12542,2
12543,0
12544,0
12545,2
12546,2
12547,2
12548,0
12549,2
12550,0
12551,2
12552,0
12553,2
12554,2
12555,2
12556,2
12557,0
12558,2
12559,2
12560,2
12561,0
12562,2
12563,2
12564,0
12565,2
12566,0
12567,2
12568,2
12569,0
12570,0
12571,2
12572,2
12573,0
12574,2
12575,0
12576,2
12577,2
12578,0
12579,0
12580,2
12581,2
12582,0
12583,0
12584,2
12585,0
12586,2
12587,0
12588,2
12589,0
12590,2
12591,2
12592,0
12593,2
12594,2
12595,0
12596,0
12597,0
12598,0
12599,2
12600,0
12601,0
12602,0
12603,0
12604,0
12605,2
12606,2
12607,0
12608,2
12609,2
12610,0
12611,0
12612,2
12613,0
12614,0
12615,0
12616,2
12617,0
12618,2
12619,2
12620,2
12621,2
12622,2
12623,0
12624,0
12625,2
12626,0
12627,0
12628,0
12629,0
12630,0
12631,2
12632,2
12633,0
12634,2
12635,2
12636,2
12637,2
12638,2
12639,0
12640,0
12641,2
12642,0
12643,2
12644,2
12645,2
12646,0
12647,2
12648,2
12649,2
12650,0
12651,2
12652,2
12653,2
12654,0
12655,2
12656,2
12657,2
12658,2
12659,0
12660,2
12661,2
12662,0
12663,2
12664,2
12665,2
12666,0
12667,2
12668,0
12669,2
12670,2
12671,2
12672,2
12673,2
12674,2
12675,0
12676,2
12677,0
12678,2
12679,0
12680,0
12681,0
12682,2
12683,2
12684,2
12685,2
12686,2
12687,0
12688,0
12689,2
12690,2
12691,0
12692,0
12693,2
12694,0
12695,2
12696,2
12697,0
12698,0
12699,0
12700,2
12701,2
12702,0
12703,2
